Employee_ID,Age,Gender,Education,Department,Experience,City,Company_Size,Job_Role,Performance_Rating,Overtime,Remote_Work,Working_Hours,Projects,Certification,Leadership_Score,Skill_Score,Annual_Salary
1,59,Male,Master,IT,6,Nashik,Small,Analyst,5,Yes,Yes,60,3,Yes,44.0,91.0,1481815
2,23,Female,Master,IT,10,Mumbai,Small,Analyst,5,Yes,Yes,56,5,Yes,,50.0,1601342
3,41,Female,Master,HR,1,Nagpur,Large,Manager,4,Yes,Yes,35,10,No,59.0,63.0,1014029
4,48,Female,Bachelor,HR,11,Pune,Medium,Developer,1,Yes,No,50,3,Yes,88.0,64.0,1325986
5,27,Female,Bachelor,Marketing,11,Nashik,Small,Tester,4,Yes,No,55,9,Yes,93.0,,1676247
6,34,Female,Master,Marketing,6,Nashik,Large,Analyst,4,Yes,Yes,52,10,Yes,89.0,57.0,1323120
7,27,Male,Bachelor,HR,8,Mumbai,Medium,Manager,5,No,No,46,8,Yes,31.0,65.0,1208363
8,24,Female,Bachelor,HR,14,Nashik,Large,Developer,1,Yes,Yes,36,6,Yes,65.0,74.0,1671682
9,30,Female,Bachelor,Finance,9,Pune,Large,Manager,5,Yes,Yes,38,8,Yes,92.0,43.0,1295897
10,41,Female,Bachelor,Finance,13,Mumbai,Small,Manager,4,Yes,No,50,2,No,91.0,62.0,1650571
11,35,Female,Master,HR,14,Nashik,Small,Analyst,2,No,No,47,1,No,89.0,92.0,1721055
12,44,Male,Bachelor,HR,6,Nagpur,Small,Developer,1,Yes,Yes,45,3,Yes,37.0,48.0,988254
13,27,Female,Master,Marketing,16,Mumbai,Medium,Tester,3,No,No,43,8,Yes,64.0,47.0,1656862
14,43,Male,Master,Marketing,11,Nashik,Large,Manager,1,Yes,No,58,5,No,77.0,73.0,1512763
15,34,Female,Diploma,IT,2,Nashik,Large,Analyst,3,Yes,No,37,1,Yes,64.0,83.0,784973
16,35,Female,Diploma,HR,4,Mumbai,Large,Manager,3,No,Yes,49,10,Yes,38.0,65.0,850935
17,52,Female,Bachelor,HR,9,Mumbai,Small,Developer,5,Yes,No,38,5,Yes,80.0,99.0,1522963
18,56,Male,Master,HR,6,Nagpur,Large,Analyst,3,No,No,47,7,Yes,58.0,,1339079
19,26,Male,Master,Finance,18,Nagpur,Large,Manager,4,No,No,46,4,Yes,95.0,61.0,1839142
20,53,Male,Diploma,IT,10,Nashik,Small,Analyst,4,Yes,Yes,35,9,Yes,91.0,97.0,1465910
21,29,Male,Master,HR,19,Mumbai,Small,Manager,1,Yes,Yes,39,1,No,32.0,,1786409
22,35,Female,Master,HR,18,Pune,Large,Tester,4,Yes,No,56,8,No,53.0,81.0,1954733
23,57,Male,Diploma,IT,8,Nagpur,Medium,Tester,1,No,No,51,8,Yes,,91.0,1179015
24,22,Male,Master,IT,16,Nagpur,Large,Manager,1,Yes,Yes,56,7,Yes,31.0,98.0,1684619
25,46,Female,Diploma,HR,4,Nagpur,Small,Manager,1,No,Yes,40,7,Yes,30.0,71.0,763023
26,37,Male,Bachelor,IT,3,,Small,Analyst,3,Yes,No,40,8,No,85.0,94.0,1109780
27,36,Male,Bachelor,Sales,4,Mumbai,Small,Tester,2,Yes,No,35,9,No,99.0,91.0,1269944
28,40,Female,Bachelor,Sales,5,Nagpur,Small,Analyst,5,No,Yes,38,3,Yes,32.0,55.0,1036843
29,59,Male,Master,Finance,2,Mumbai,Small,Tester,4,Yes,Yes,52,8,Yes,100.0,58.0,1194906
30,45,Male,Diploma,Marketing,0,Mumbai,Large,Analyst,4,No,Yes,52,7,Yes,,50.0,625824
31,22,Male,Master,Marketing,9,Mumbai,Medium,Manager,4,No,Yes,35,5,No,45.0,74.0,1501696
32,55,Female,Diploma,Sales,4,Pune,Large,Manager,3,No,No,53,3,Yes,38.0,71.0,985571
33,55,Female,Diploma,Marketing,19,Mumbai,Small,Analyst,1,No,Yes,50,9,No,53.0,63.0,1613743
34,38,Male,Diploma,Finance,2,,Small,Tester,5,No,Yes,36,6,No,47.0,64.0,914714
35,28,Male,Master,HR,2,Nashik,Small,Developer,5,Yes,No,41,3,No,70.0,55.0,1018594
36,42,Male,Master,Finance,16,Pune,Large,Manager,4,No,No,57,6,Yes,88.0,72.0,1887976
37,54,Female,Diploma,Finance,13,Mumbai,Small,Manager,5,Yes,No,55,1,Yes,80.0,69.0,1468135
38,39,Female,Master,Marketing,14,Nagpur,Large,Developer,5,Yes,Yes,38,3,Yes,90.0,72.0,1889174
39,51,Male,Master,Finance,16,Pune,Medium,Analyst,4,Yes,No,37,1,No,59.0,56.0,1772569
40,43,Female,Diploma,HR,19,Pune,Large,Developer,5,No,No,35,3,Yes,61.0,100.0,1900727
41,44,Male,Diploma,HR,17,Nagpur,Small,Analyst,2,No,No,52,6,Yes,83.0,64.0,1590905
42,46,Male,Bachelor,IT,1,Nagpur,Small,Tester,2,Yes,Yes,51,8,No,31.0,66.0,961534
43,46,Female,Bachelor,HR,0,Pune,Small,Analyst,3,No,No,37,2,No,,48.0,653348
44,56,Female,Diploma,Finance,12,Nagpur,Large,Manager,2,Yes,Yes,47,4,No,36.0,99.0,1397417
45,43,Female,Diploma,IT,0,Mumbai,Large,Tester,4,No,No,56,3,No,44.0,47.0,562173
46,35,Male,Master,Sales,16,Pune,Medium,Developer,2,No,Yes,56,5,Yes,,91.0,1903554
47,24,Female,Bachelor,IT,0,Nashik,Large,Manager,5,Yes,No,40,4,No,89.0,47.0,915466
48,33,Female,Master,Finance,14,Nagpur,Large,Manager,4,Yes,Yes,52,10,No,45.0,74.0,1631830
49,21,Female,Master,HR,18,Nashik,Medium,Developer,3,No,No,49,2,Yes,87.0,56.0,1832754
50,36,Female,Bachelor,Sales,15,Nagpur,Medium,Analyst,5,No,Yes,41,5,Yes,30.0,64.0,1733904
51,50,Female,Bachelor,IT,2,Pune,Large,Manager,2,Yes,Yes,48,4,Yes,45.0,51.0,777099
52,41,Male,Diploma,HR,4,Nagpur,Large,Developer,2,No,No,41,4,Yes,77.0,51.0,808427
53,30,Female,Master,Sales,0,Nagpur,Small,Analyst,5,Yes,Yes,60,3,No,52.0,69.0,1028048
54,36,Male,Diploma,Marketing,0,Nagpur,Small,Analyst,5,Yes,No,58,7,Yes,33.0,95.0,871468
55,55,Female,Bachelor,Sales,1,Nagpur,Large,Tester,4,Yes,No,35,1,No,61.0,88.0,1022581
56,23,Male,Bachelor,Finance,18,Nagpur,Large,Analyst,5,No,No,35,1,Yes,41.0,82.0,1892470
57,22,Female,Master,HR,7,Nashik,Medium,Manager,3,Yes,Yes,53,2,Yes,73.0,49.0,1224853
58,49,Female,Diploma,HR,2,,Small,Tester,1,No,No,60,10,No,37.0,62.0,627549
59,31,Male,Bachelor,HR,1,Nagpur,Medium,Developer,1,No,No,58,4,Yes,36.0,90.0,922561
60,30,Female,Bachelor,Sales,20,Nagpur,Large,Analyst,1,No,Yes,39,9,No,65.0,100.0,1872067
61,44,Female,Bachelor,IT,2,Nagpur,Medium,Tester,3,Yes,No,57,5,Yes,65.0,88.0,1141713
62,45,Male,Master,Sales,11,Mumbai,Small,Tester,5,Yes,No,37,9,Yes,52.0,88.0,1632674
63,32,Female,Diploma,Sales,16,Nashik,Small,Tester,4,No,No,43,3,No,42.0,88.0,1565862
64,39,Female,Bachelor,Finance,11,Mumbai,Medium,Developer,4,Yes,No,60,5,Yes,81.0,48.0,1451817
65,43,Male,Master,IT,4,Mumbai,Small,Analyst,4,Yes,Yes,50,9,Yes,54.0,74.0,1131747
66,59,Female,Diploma,IT,6,Pune,Medium,Manager,5,No,Yes,48,10,Yes,71.0,84.0,1164045
67,58,Female,Diploma,IT,4,Mumbai,Medium,Tester,5,No,Yes,41,8,Yes,47.0,74.0,973705
68,22,Male,Master,IT,9,Nashik,Large,Developer,2,Yes,No,39,5,No,56.0,48.0,1342618
69,27,Female,Master,IT,5,Nashik,Small,Tester,5,No,Yes,59,4,No,94.0,58.0,1297610
70,39,Female,Bachelor,HR,3,Nagpur,Small,Manager,4,No,No,46,6,No,,,976675
71,33,Female,Master,Finance,6,Pune,Small,Manager,2,No,Yes,52,10,No,48.0,66.0,1244478
72,21,Female,Master,Finance,19,Mumbai,Medium,Manager,5,Yes,No,37,9,Yes,68.0,67.0,1939797
73,52,Female,Bachelor,Finance,16,Nashik,Large,Manager,1,Yes,Yes,47,5,Yes,,64.0,1695205
74,55,Female,Diploma,Sales,15,Pune,Large,Tester,5,No,No,53,4,Yes,65.0,93.0,1596592
75,23,Female,Diploma,HR,17,Nagpur,Large,Analyst,1,No,No,50,7,No,78.0,86.0,1556444
76,28,Female,Master,Sales,10,Nashik,Medium,Tester,2,No,No,40,8,No,45.0,51.0,1530297
77,48,Male,Diploma,HR,20,Nashik,Small,Analyst,2,Yes,Yes,39,9,No,65.0,47.0,1425588
78,40,Female,Bachelor,IT,3,Pune,Medium,Analyst,1,No,Yes,47,3,No,62.0,66.0,894939
79,50,Male,Diploma,Finance,5,,Small,Manager,3,Yes,No,52,5,Yes,98.0,57.0,859381
80,52,Female,Diploma,Sales,0,Nagpur,Medium,Manager,1,Yes,Yes,49,1,No,47.0,93.0,869016
81,33,Male,Bachelor,IT,10,Nagpur,Medium,Developer,2,Yes,Yes,35,2,Yes,92.0,60.0,1430282
82,26,Female,Master,IT,8,Pune,Small,Tester,1,Yes,No,51,5,No,50.0,74.0,1320999
83,30,Female,Bachelor,Marketing,4,Nagpur,Medium,Developer,3,Yes,Yes,44,3,Yes,82.0,77.0,1248691
84,33,Male,Bachelor,HR,16,Pune,Small,Developer,1,Yes,Yes,38,1,No,,60.0,1563084
85,23,Female,Bachelor,Finance,16,Mumbai,Small,Manager,2,No,No,52,1,Yes,68.0,79.0,1697386
86,37,Male,Master,Finance,11,Pune,Medium,Developer,3,Yes,Yes,50,7,No,86.0,,1658791
87,58,Male,Diploma,IT,14,Pune,Medium,Manager,5,No,Yes,36,6,No,43.0,76.0,1391306
88,35,Female,Master,Sales,17,Nashik,Large,Tester,2,No,Yes,53,2,Yes,59.0,73.0,1895384
89,25,Female,Bachelor,Marketing,19,Nashik,Small,Developer,1,Yes,Yes,38,10,No,59.0,96.0,1931023
90,54,Male,Master,HR,16,Nagpur,Large,Tester,1,No,Yes,40,5,No,98.0,49.0,1749456
91,43,Female,Master,IT,1,Nagpur,Medium,Tester,3,No,No,57,6,Yes,72.0,52.0,996167
92,45,Female,Diploma,Sales,15,Nagpur,Medium,Tester,4,Yes,No,37,3,Yes,33.0,47.0,1351475
93,41,Female,Bachelor,Finance,17,Mumbai,Medium,Developer,2,No,No,40,1,Yes,80.0,100.0,1764760
94,54,Female,Diploma,Marketing,4,Nagpur,Large,Tester,4,Yes,Yes,51,10,No,75.0,80.0,957777
95,50,Male,Master,Finance,12,Nagpur,Large,Tester,1,Yes,Yes,45,1,Yes,55.0,66.0,1567667
96,35,Male,Master,Finance,3,Mumbai,Large,Tester,1,Yes,Yes,49,8,Yes,81.0,40.0,1107870
97,43,Male,Bachelor,HR,13,Nagpur,Large,Manager,4,No,No,48,2,No,31.0,,1544612
98,45,Male,Bachelor,Sales,5,Pune,Medium,Analyst,3,Yes,Yes,57,5,No,44.0,74.0,1022965
99,45,Female,Bachelor,Marketing,9,Nashik,Small,Manager,1,No,No,51,4,Yes,46.0,78.0,1209274
100,56,Female,Bachelor,Finance,3,Nashik,Large,Tester,3,No,No,49,6,Yes,,49.0,819976
101,46,Male,Master,Marketing,1,,Small,Tester,1,Yes,No,36,8,No,71.0,86.0,1010450
102,42,Female,Master,Sales,12,Pune,Medium,Developer,5,Yes,No,55,6,Yes,62.0,45.0,1462376
103,29,Male,Bachelor,Marketing,5,Nagpur,Small,Analyst,4,No,Yes,57,3,Yes,91.0,94.0,1216213
104,44,Female,Bachelor,Finance,18,Nagpur,Large,Developer,5,No,No,40,2,No,65.0,70.0,1783886
105,22,Female,Master,Marketing,19,,Large,Developer,3,Yes,No,49,8,Yes,33.0,67.0,2051113
106,26,Male,Master,Sales,18,Mumbai,Large,Developer,4,No,Yes,60,6,No,34.0,84.0,1951039
107,46,Male,Diploma,Finance,3,Mumbai,Medium,Manager,4,No,No,48,6,Yes,49.0,,788810
108,53,Female,Diploma,Marketing,4,Pune,Small,Analyst,4,Yes,No,40,2,Yes,32.0,50.0,793462
109,40,Male,Bachelor,HR,9,Nagpur,Large,Manager,2,No,No,35,5,Yes,73.0,44.0,1245629
110,44,Female,Bachelor,Marketing,8,Pune,Small,Tester,1,No,No,40,7,No,44.0,56.0,1038990
111,29,Female,Master,Sales,2,Nashik,Small,Tester,1,No,Yes,36,3,Yes,98.0,69.0,1132691
112,49,Female,Bachelor,Marketing,2,Nashik,Large,Manager,4,Yes,No,42,9,No,93.0,40.0,871181
113,39,Male,Diploma,Marketing,4,Nagpur,Medium,Analyst,4,No,Yes,48,10,Yes,59.0,53.0,835105
114,45,Female,Master,HR,3,Mumbai,Large,Developer,5,No,No,52,8,Yes,71.0,64.0,1249196
115,53,Female,Master,HR,7,Mumbai,Medium,Manager,3,No,Yes,59,1,Yes,67.0,78.0,1216391
116,59,Female,Diploma,Marketing,0,Nashik,Small,Manager,2,No,No,53,6,No,82.0,86.0,897864
117,49,Female,Diploma,IT,5,Pune,Small,Tester,3,No,Yes,35,4,No,71.0,42.0,891579
118,58,Female,Diploma,Marketing,6,Mumbai,Medium,Manager,4,No,No,59,1,No,58.0,66.0,987776
119,30,Male,Diploma,Sales,4,Mumbai,Large,Manager,1,Yes,Yes,35,6,No,97.0,66.0,1010281
120,35,Female,Master,Sales,5,Mumbai,Small,Developer,4,Yes,No,42,5,No,81.0,52.0,1281662
121,56,Male,Diploma,HR,14,Pune,Medium,Tester,4,No,No,38,10,Yes,74.0,43.0,1422568
122,31,Male,Bachelor,Sales,10,Nagpur,Medium,Developer,5,No,Yes,44,8,No,49.0,66.0,1495951
123,38,Male,Bachelor,Finance,5,Mumbai,Large,Manager,2,No,Yes,59,1,No,75.0,45.0,1063453
124,32,Male,Bachelor,IT,14,Nagpur,Small,Analyst,4,Yes,Yes,46,4,No,72.0,79.0,1661012
125,48,Male,Diploma,Marketing,15,Pune,Small,Analyst,5,Yes,Yes,60,9,No,66.0,43.0,1357762
126,43,Male,Diploma,Finance,18,Pune,Small,Manager,1,Yes,Yes,35,5,Yes,40.0,68.0,1549717
127,35,Male,Diploma,Finance,20,Pune,Large,Manager,4,Yes,Yes,55,9,No,83.0,65.0,1716625
128,46,Male,Diploma,Sales,20,Mumbai,Large,Developer,2,No,No,43,3,No,81.0,48.0,1699650
129,54,Male,Master,Sales,19,Pune,Large,Developer,2,No,No,51,3,Yes,67.0,64.0,1813303
130,49,Female,Diploma,Sales,6,Nagpur,Large,Developer,5,No,No,45,6,Yes,,91.0,1053393
131,40,Female,Diploma,Marketing,17,Pune,Small,Analyst,1,No,No,56,6,No,100.0,60.0,1517037
132,50,Female,Master,Sales,7,Nagpur,Small,Developer,1,Yes,No,57,3,No,42.0,88.0,1379355
133,39,Female,Diploma,Finance,18,Nagpur,Medium,Tester,5,Yes,No,52,1,No,78.0,71.0,1698379
134,48,Female,Bachelor,Finance,13,Pune,Large,Tester,2,Yes,Yes,51,2,Yes,95.0,90.0,1569026
135,23,Female,Diploma,IT,5,Nashik,Small,Developer,4,No,Yes,44,10,No,30.0,,979582
136,48,Female,Bachelor,IT,18,Nashik,Large,Manager,2,No,Yes,52,7,Yes,84.0,85.0,1808278
137,28,Female,Diploma,HR,7,Mumbai,Medium,Manager,1,Yes,No,56,9,Yes,96.0,40.0,991733
138,53,Male,Bachelor,Marketing,14,Nashik,Small,Analyst,3,No,No,49,8,No,80.0,76.0,1523675
139,41,Male,Bachelor,HR,1,Pune,Large,Tester,3,Yes,Yes,48,7,Yes,45.0,74.0,1035211
140,53,Male,Diploma,Sales,15,Nagpur,Medium,Manager,2,Yes,No,57,5,No,36.0,57.0,1261432
141,22,Female,Master,Marketing,18,Mumbai,Small,Analyst,5,Yes,Yes,35,5,Yes,48.0,87.0,1886417
142,23,Female,Bachelor,Sales,19,Nagpur,Large,Tester,2,No,No,57,7,Yes,31.0,50.0,1797674
143,54,Male,Master,Finance,11,Nagpur,Small,Manager,5,No,No,55,3,Yes,,59.0,1684735
144,37,Female,Diploma,Marketing,19,Mumbai,Small,Analyst,4,No,Yes,44,8,Yes,53.0,97.0,1613909
145,45,Female,Bachelor,Finance,13,Mumbai,Small,Tester,1,No,Yes,41,9,Yes,43.0,62.0,1462079
146,49,Male,Bachelor,Marketing,10,Nashik,Small,Tester,4,Yes,No,47,2,Yes,55.0,85.0,1527069
147,37,Male,Bachelor,Finance,4,Nagpur,Large,Tester,2,No,No,39,9,Yes,71.0,50.0,836132
148,51,Male,Bachelor,Finance,5,Pune,Large,Tester,4,No,Yes,40,8,No,56.0,97.0,1286149
149,22,Male,Diploma,Sales,1,Nagpur,Large,Developer,5,No,No,56,1,No,82.0,51.0,629730
150,49,Female,Diploma,HR,18,Mumbai,Large,Developer,4,Yes,No,55,8,No,55.0,92.0,1618133
151,54,Male,Master,HR,10,Mumbai,Small,Manager,1,Yes,Yes,57,8,Yes,88.0,75.0,1557917
152,40,Male,Master,HR,4,,Medium,Tester,1,No,No,53,3,Yes,65.0,95.0,1117214
153,29,Male,Bachelor,Sales,19,,Large,Manager,1,No,Yes,43,8,No,91.0,82.0,1806090
154,45,Male,Master,Finance,16,Nagpur,Medium,Developer,1,Yes,No,41,3,No,90.0,40.0,1858877
155,37,Male,Diploma,Marketing,2,Nagpur,Medium,Developer,5,No,Yes,44,9,No,73.0,89.0,940877
156,36,Female,Master,Marketing,16,Pune,Small,Tester,4,Yes,No,58,3,Yes,91.0,86.0,1897788
157,46,Male,Master,IT,7,Pune,Large,Tester,5,No,Yes,49,10,No,99.0,70.0,1586887
158,46,Female,Bachelor,Sales,15,Nagpur,Medium,Developer,1,No,Yes,55,6,No,52.0,46.0,1524291
159,43,Female,Diploma,Finance,6,Nashik,Large,Analyst,5,No,Yes,52,4,Yes,36.0,53.0,1001731
160,59,Female,Bachelor,Sales,6,Pune,Large,Developer,2,No,No,51,8,No,88.0,74.0,1170938
161,46,Male,Diploma,Sales,2,Nashik,Small,Manager,4,No,Yes,57,7,Yes,74.0,83.0,930770
162,49,Female,Bachelor,HR,11,,Small,Analyst,1,Yes,No,56,9,Yes,33.0,78.0,1303200
163,22,Male,Master,Finance,12,Pune,Large,Tester,1,Yes,Yes,57,3,Yes,45.0,57.0,1556310
164,33,Male,Master,Sales,9,Mumbai,Medium,Manager,3,Yes,No,52,3,No,42.0,73.0,1429299
165,36,Female,Master,HR,6,Pune,Medium,Tester,4,Yes,No,58,9,No,58.0,85.0,1355616
166,21,Female,Bachelor,Sales,9,Nagpur,Small,Analyst,1,Yes,No,51,3,Yes,34.0,69.0,1319747
167,21,Female,Master,Finance,12,Mumbai,Large,Developer,2,No,Yes,55,9,Yes,97.0,53.0,1620876
168,32,Female,Bachelor,Marketing,14,Pune,Medium,Developer,1,Yes,No,60,5,No,97.0,88.0,1756617
169,54,Female,Diploma,IT,4,Nagpur,Large,Manager,4,Yes,No,59,7,Yes,99.0,82.0,1113023
170,49,Male,Bachelor,IT,19,Nashik,Small,Manager,3,Yes,Yes,56,5,Yes,49.0,43.0,1702109
171,23,Female,Bachelor,HR,18,Nagpur,Medium,Developer,2,Yes,Yes,58,6,No,86.0,84.0,1775148
172,55,Male,Diploma,Marketing,4,Nagpur,Small,Manager,1,Yes,No,54,10,Yes,38.0,44.0,668561
173,44,Male,Diploma,Sales,16,Nagpur,Small,Developer,3,No,Yes,37,3,Yes,64.0,,1699672
174,34,Male,Master,Finance,5,Nagpur,Small,Manager,5,Yes,No,39,2,Yes,97.0,,1387382
175,45,Male,Master,Marketing,10,Nashik,Small,Developer,3,No,No,39,2,Yes,58.0,80.0,1569869
176,46,Female,Master,Finance,14,Nashik,Large,Developer,3,No,Yes,52,6,No,34.0,77.0,1725756
177,49,Male,Diploma,Marketing,4,Nashik,Small,Developer,5,No,No,53,10,Yes,57.0,99.0,803035
178,47,Female,Master,Sales,2,Pune,Small,Developer,2,No,Yes,47,1,No,69.0,95.0,1123882
179,33,Male,Diploma,HR,5,Mumbai,Medium,Manager,3,No,No,45,9,No,69.0,63.0,894471
180,47,Male,Diploma,Finance,20,Nashik,Small,Manager,4,No,Yes,40,7,No,92.0,81.0,1794068
181,30,Female,Bachelor,Sales,4,Nagpur,Medium,Analyst,5,No,No,45,5,No,87.0,82.0,1291716
182,34,Female,Master,IT,6,Nagpur,Small,Tester,2,Yes,No,47,7,No,31.0,70.0,1228919
183,51,Male,Diploma,Finance,1,Nashik,Medium,Tester,5,No,Yes,36,8,No,75.0,71.0,898702
184,27,Female,Bachelor,IT,12,Nashik,Large,Tester,3,No,Yes,44,9,Yes,59.0,74.0,1323096
185,47,Female,Master,Finance,1,Pune,Small,Analyst,4,No,Yes,51,6,Yes,66.0,67.0,1051285
186,46,Male,Diploma,Finance,16,Nashik,Medium,Developer,1,Yes,No,58,2,No,,49.0,1368027
187,32,Female,Bachelor,IT,17,Pune,Large,Manager,5,No,No,41,1,No,65.0,53.0,1797793
188,43,Male,Diploma,IT,5,Pune,Medium,Tester,3,Yes,No,60,2,No,87.0,86.0,1202533
189,59,Female,Master,HR,13,Nashik,Large,Tester,5,Yes,Yes,49,7,Yes,33.0,73.0,1575658
190,34,Female,Diploma,HR,10,Nagpur,Small,Manager,2,No,Yes,54,6,No,76.0,91.0,1112095
191,36,Male,Bachelor,HR,10,,Large,Analyst,3,Yes,Yes,39,4,Yes,85.0,66.0,1433516
192,23,Female,Diploma,IT,5,Nashik,Large,Manager,1,No,Yes,35,10,Yes,98.0,58.0,901065
193,44,Female,Diploma,Sales,5,Nagpur,Large,Tester,2,No,Yes,46,2,Yes,90.0,54.0,939301
194,45,Male,Bachelor,Sales,14,Nagpur,Large,Manager,3,Yes,Yes,51,5,Yes,89.0,83.0,1632463
195,49,Male,Bachelor,IT,7,Pune,Medium,Analyst,3,Yes,No,46,5,Yes,75.0,,1138883
196,37,Female,Bachelor,IT,2,Nashik,Small,Manager,1,Yes,No,46,4,Yes,100.0,59.0,917864
197,22,Male,Master,Marketing,3,Pune,Small,Manager,1,Yes,Yes,58,8,Yes,89.0,48.0,1065748
198,38,Female,Diploma,HR,10,Nagpur,Large,Developer,1,No,No,52,6,No,50.0,52.0,1008515
199,37,Male,Bachelor,Sales,10,Nashik,Medium,Developer,1,Yes,Yes,46,9,No,62.0,84.0,1434187
200,53,Female,Bachelor,Sales,13,Pune,Medium,Analyst,4,No,No,44,8,No,49.0,71.0,1595181
201,50,Male,Bachelor,Finance,17,Mumbai,Medium,Analyst,1,No,Yes,35,4,No,31.0,99.0,1804351
202,35,Male,Bachelor,HR,6,,Small,Manager,2,No,No,36,10,Yes,75.0,41.0,1043826
203,28,Female,Diploma,Marketing,11,Nashik,Small,Analyst,3,No,No,42,2,No,90.0,88.0,1521958
204,31,Female,Bachelor,IT,19,Mumbai,Medium,Tester,3,Yes,Yes,54,4,No,36.0,86.0,1866634
205,32,Male,Diploma,Finance,5,Nagpur,Large,Tester,2,No,Yes,57,9,Yes,32.0,97.0,1130851
206,56,Male,Bachelor,Finance,12,Nashik,Medium,Manager,2,Yes,No,47,8,Yes,48.0,90.0,1455176
207,42,Male,Master,Finance,20,Nashik,Small,Tester,3,No,No,39,8,Yes,73.0,,2263703
208,30,Male,Diploma,Sales,8,Nashik,Medium,Manager,3,Yes,Yes,53,3,No,57.0,98.0,1252405
209,44,Male,Master,IT,14,Mumbai,Small,Manager,4,No,No,54,5,Yes,78.0,72.0,1806937
210,44,Male,Master,Finance,3,Nashik,Small,Tester,4,No,No,52,1,No,49.0,67.0,1213275
211,56,Female,Master,Sales,18,Mumbai,Medium,Manager,1,Yes,No,36,2,No,65.0,71.0,1854871
212,32,Male,Master,Marketing,3,Nagpur,Medium,Analyst,2,Yes,No,37,2,Yes,87.0,45.0,1040646
213,43,Female,Master,HR,7,Pune,Small,Developer,1,Yes,Yes,44,2,No,55.0,60.0,1292022
214,34,Female,Bachelor,HR,4,Nagpur,Large,Analyst,5,No,No,58,7,Yes,70.0,44.0,1051853
215,21,Male,Master,Marketing,19,Pune,Large,Manager,1,No,No,42,8,No,57.0,41.0,1844083
216,23,Female,Diploma,Marketing,3,Nashik,Large,Manager,3,No,No,56,10,Yes,39.0,84.0,784838
217,32,Female,Diploma,Marketing,9,Nashik,Small,Manager,1,No,Yes,35,9,No,30.0,51.0,1154180
218,57,Female,Bachelor,Finance,19,Nashik,Medium,Developer,1,No,No,46,5,No,66.0,,1646206
219,40,Female,Diploma,IT,16,Nashik,Large,Developer,4,No,No,52,2,No,85.0,88.0,1731922
220,49,Female,Master,HR,8,Pune,Large,Manager,4,No,Yes,35,7,Yes,55.0,76.0,1475603
221,34,Male,Master,HR,2,Mumbai,Large,Analyst,5,Yes,Yes,46,10,Yes,88.0,,1118290
222,54,Female,Bachelor,Sales,19,Mumbai,Large,Analyst,2,Yes,Yes,59,2,No,72.0,92.0,1726143
223,43,Female,Master,Sales,6,Pune,Medium,Manager,3,No,Yes,47,4,Yes,79.0,70.0,1372729
224,41,Male,Master,Marketing,15,Mumbai,Small,Tester,2,Yes,Yes,35,7,No,,89.0,1604468
225,46,Male,Bachelor,Finance,7,Mumbai,Small,Manager,5,Yes,No,45,10,No,76.0,68.0,1355605
226,28,Female,Bachelor,HR,17,Nagpur,Medium,Analyst,1,Yes,No,49,8,Yes,55.0,57.0,1630154
227,51,Female,Master,Finance,16,Pune,Small,Manager,3,No,Yes,50,5,Yes,75.0,51.0,1770951
228,48,Female,Master,Sales,15,Nashik,Small,Tester,1,Yes,Yes,36,2,Yes,91.0,44.0,1702639
229,31,Female,Bachelor,HR,5,Mumbai,Medium,Tester,1,Yes,No,38,2,No,70.0,48.0,956042
230,26,Female,Bachelor,Marketing,5,Mumbai,Medium,Manager,4,Yes,Yes,36,2,Yes,48.0,85.0,1141385
231,45,Female,Bachelor,HR,12,Nagpur,Large,Manager,3,Yes,No,55,1,No,30.0,80.0,1464639
232,49,Male,Master,HR,11,Pune,Medium,Analyst,5,No,No,59,1,No,48.0,97.0,1627706
233,30,Female,Master,Marketing,16,Pune,Small,Developer,1,No,No,36,9,Yes,64.0,,1891361
234,22,Male,Master,IT,2,Pune,Large,Analyst,2,Yes,No,40,5,No,77.0,60.0,1146285
235,35,Male,Diploma,Marketing,11,Nagpur,Small,Tester,2,Yes,No,45,7,Yes,77.0,44.0,1233305
236,41,Female,Master,Sales,5,,Large,Tester,2,No,Yes,57,7,No,72.0,85.0,1503180
237,35,Male,Bachelor,HR,15,Mumbai,Small,Tester,5,No,Yes,38,5,Yes,44.0,86.0,1718336
238,34,Female,Diploma,IT,12,Nashik,Medium,Analyst,3,Yes,No,38,5,No,63.0,61.0,1273492
239,36,Female,Bachelor,Sales,19,Nagpur,Small,Analyst,3,No,Yes,44,4,Yes,58.0,85.0,1881391
240,46,Female,Master,Marketing,17,Pune,Large,Analyst,1,Yes,Yes,59,7,No,33.0,41.0,1754860
241,56,Female,Bachelor,Marketing,11,Nagpur,Small,Analyst,5,No,No,54,4,Yes,60.0,49.0,1337890
242,33,Male,Bachelor,IT,6,Mumbai,Large,Tester,1,Yes,Yes,57,6,Yes,73.0,93.0,1237082
243,44,Male,Diploma,Marketing,20,,Medium,Developer,4,Yes,Yes,60,9,No,38.0,61.0,1717343
244,47,Male,Bachelor,Marketing,9,Pune,Small,Analyst,1,No,Yes,39,4,No,55.0,47.0,1243354
245,39,Female,Master,HR,17,Nashik,Small,Analyst,3,No,No,38,10,No,89.0,63.0,1957807
246,55,Male,Diploma,Sales,0,Nagpur,Small,Manager,2,No,No,46,2,No,98.0,94.0,878583
247,48,Male,Bachelor,Finance,0,Nagpur,Small,Tester,5,Yes,Yes,41,10,No,51.0,94.0,1006004
248,45,Male,Master,Sales,8,Mumbai,Large,Tester,5,No,Yes,36,3,No,86.0,53.0,1429239
249,31,Female,Diploma,HR,6,Nashik,Large,Developer,2,No,No,41,8,Yes,96.0,60.0,844543
250,52,Male,Master,IT,13,Nashik,Medium,Developer,4,Yes,Yes,41,4,Yes,71.0,58.0,1500569
251,26,Male,Bachelor,Finance,7,,Small,Analyst,1,Yes,Yes,43,7,No,65.0,76.0,1134965
252,22,Male,Diploma,Sales,3,Pune,Large,Manager,1,No,No,39,5,No,89.0,52.0,690319
253,23,Female,Master,Finance,7,Nashik,Medium,Tester,2,No,Yes,56,6,No,96.0,77.0,1252501
254,58,Male,Bachelor,Finance,1,Nashik,Medium,Developer,4,Yes,Yes,51,3,Yes,31.0,62.0,894424
255,25,Female,Bachelor,Finance,1,Pune,Small,Manager,4,Yes,No,47,9,Yes,37.0,62.0,807502
256,36,Female,Bachelor,Finance,15,Nagpur,Large,Tester,1,No,Yes,46,1,No,84.0,81.0,1642915
257,25,Male,Diploma,Marketing,15,Nagpur,Small,Developer,4,Yes,Yes,54,8,Yes,32.0,51.0,1284614
258,41,Female,Diploma,HR,11,Pune,Small,Analyst,1,Yes,Yes,54,6,No,59.0,,1053187
259,34,Male,Bachelor,Marketing,17,Nagpur,Large,Tester,1,Yes,Yes,38,1,No,45.0,47.0,1436446
260,47,Male,Diploma,Marketing,17,Nashik,Large,Manager,2,Yes,No,59,9,Yes,31.0,84.0,1544488
261,38,Male,Diploma,Marketing,0,Pune,Small,Analyst,3,No,No,57,6,No,81.0,50.0,676966
262,42,Male,Bachelor,Finance,2,Nagpur,Medium,Analyst,3,Yes,No,39,4,Yes,44.0,61.0,892298
263,50,Male,Master,IT,9,Nagpur,Medium,Tester,1,No,Yes,58,10,Yes,71.0,51.0,1515852
264,34,Male,Master,IT,13,Nagpur,Medium,Manager,3,Yes,Yes,43,5,Yes,36.0,45.0,1578452
265,22,Female,Diploma,Finance,2,Mumbai,Small,Manager,3,Yes,Yes,59,6,No,31.0,41.0,707481
266,23,Male,Diploma,Marketing,0,Pune,Large,Tester,1,Yes,No,37,9,Yes,83.0,75.0,714118
267,35,Male,Master,Marketing,5,Nagpur,Large,Manager,5,No,Yes,38,4,Yes,37.0,64.0,1337563
268,26,Female,Master,IT,17,Mumbai,Medium,Analyst,4,Yes,No,45,2,No,92.0,68.0,1658925
269,22,Male,Bachelor,Finance,18,Nagpur,Medium,Analyst,3,No,No,45,2,No,34.0,70.0,1703924
270,55,Female,Diploma,IT,14,Nashik,Small,Developer,3,Yes,No,55,9,Yes,38.0,48.0,1408258
271,57,Male,Bachelor,Sales,13,Nashik,Medium,Developer,4,Yes,Yes,41,4,No,33.0,90.0,1477550
272,59,Female,Bachelor,Finance,19,Mumbai,Small,Developer,4,Yes,No,52,5,No,67.0,75.0,1920586
273,27,Female,Master,IT,19,Mumbai,Small,Manager,3,Yes,No,39,6,No,36.0,100.0,1888481
274,47,Female,Diploma,Sales,4,Nagpur,Small,Analyst,2,Yes,No,55,6,Yes,91.0,94.0,1238477
275,25,Female,Diploma,Finance,5,Nashik,Medium,Analyst,5,Yes,Yes,35,5,No,39.0,54.0,845023
276,38,Female,Bachelor,Finance,17,Nagpur,Small,Manager,5,No,Yes,39,4,No,82.0,84.0,1905351
277,46,Male,Master,Sales,16,Mumbai,Small,Manager,1,Yes,No,38,2,No,89.0,74.0,1808690
278,49,Female,Master,Finance,19,Nagpur,Medium,Tester,4,Yes,No,40,10,No,81.0,87.0,2266973
279,21,Male,Master,Sales,20,Nashik,Small,Tester,5,No,No,36,1,No,93.0,81.0,2109974
280,41,Male,Master,Finance,9,Nagpur,Medium,Tester,2,No,Yes,45,7,Yes,89.0,89.0,1632692
281,44,Male,Master,Marketing,1,Mumbai,Large,Tester,3,Yes,No,47,3,No,,47.0,943760
282,43,Male,Master,Sales,4,Nagpur,Small,Manager,4,Yes,No,39,8,Yes,94.0,71.0,1308471
283,55,Female,Master,Sales,12,Mumbai,Medium,Tester,1,No,No,58,1,Yes,72.0,47.0,1563445
284,51,Male,Bachelor,IT,4,,Large,Manager,5,Yes,Yes,48,4,No,87.0,,1162529
285,25,Female,Bachelor,IT,10,Mumbai,Small,Manager,3,Yes,Yes,39,6,No,36.0,91.0,1359128
286,45,Female,Bachelor,Sales,7,Pune,Medium,Developer,4,No,Yes,43,2,No,37.0,49.0,1217062
287,45,Male,Bachelor,IT,14,Pune,Medium,Manager,3,No,No,60,7,Yes,,89.0,1594089
288,32,Female,Master,Finance,17,Nagpur,Small,Tester,5,No,No,42,2,Yes,65.0,49.0,1773063
289,34,Male,Bachelor,IT,12,Mumbai,Medium,Developer,4,Yes,Yes,60,9,Yes,40.0,92.0,1481677
290,40,Male,Master,Finance,17,,Medium,Analyst,4,No,Yes,55,3,Yes,,61.0,1868636
291,32,Female,Master,Sales,13,Mumbai,Large,Analyst,5,No,No,43,2,No,61.0,88.0,1853194
292,27,Male,Diploma,HR,20,Nashik,Large,Developer,5,Yes,Yes,57,6,No,37.0,52.0,1634684
293,41,Male,Bachelor,Sales,10,Mumbai,Medium,Tester,4,No,No,49,4,No,58.0,64.0,1319787
294,44,Male,Master,Finance,17,Nashik,Medium,Analyst,3,No,Yes,46,6,Yes,52.0,70.0,1873124
295,43,Male,Bachelor,HR,10,Nashik,Small,Analyst,5,No,Yes,41,9,No,85.0,76.0,1412792
296,36,Male,Bachelor,Marketing,4,Nagpur,Medium,Analyst,2,No,Yes,42,1,Yes,87.0,86.0,1154017
297,54,Female,Bachelor,HR,11,Pune,Medium,Tester,3,Yes,No,45,9,Yes,94.0,44.0,1288559
298,22,Male,Bachelor,HR,9,Nagpur,Large,Tester,3,No,No,43,9,No,56.0,60.0,1214332
299,51,Female,Master,Sales,19,Pune,Small,Developer,2,Yes,No,57,6,Yes,87.0,75.0,1874511
300,24,Male,Bachelor,Marketing,18,Nashik,Small,Tester,2,No,Yes,54,10,Yes,33.0,,1624995
301,40,Female,Bachelor,Marketing,2,Mumbai,Large,Tester,5,Yes,No,51,7,Yes,83.0,65.0,912447
302,23,Male,Master,Finance,6,Mumbai,Medium,Manager,5,No,Yes,58,5,No,43.0,43.0,1337506
303,50,Male,Diploma,HR,15,Nashik,Large,Tester,4,Yes,Yes,52,3,Yes,33.0,97.0,1555901
304,44,Male,Diploma,Marketing,18,Nashik,Large,Manager,3,Yes,No,47,10,No,51.0,88.0,1615178
305,50,Female,Bachelor,Marketing,5,Mumbai,Small,Tester,4,Yes,No,57,1,Yes,93.0,92.0,1093171
306,31,Male,Master,HR,0,Pune,Large,Manager,4,Yes,No,59,6,No,76.0,57.0,1041566
307,47,Female,Diploma,Sales,12,Nagpur,Medium,Developer,1,Yes,No,49,6,No,99.0,72.0,1414182
308,46,Female,Master,Sales,14,Nagpur,Medium,Developer,4,Yes,No,50,5,No,38.0,53.0,1685567
309,50,Female,Diploma,HR,19,Nagpur,Small,Tester,2,No,No,56,6,No,79.0,100.0,1819439
310,39,Male,Bachelor,Marketing,16,,Medium,Developer,5,Yes,Yes,44,3,No,80.0,98.0,1793573
311,41,Male,Diploma,HR,13,Nagpur,Medium,Developer,3,No,Yes,44,5,Yes,98.0,65.0,1367493
312,59,Female,Master,HR,3,Nashik,Small,Manager,2,No,Yes,41,2,No,33.0,45.0,1021641
313,40,Male,Master,IT,2,Nagpur,Large,Manager,1,Yes,No,58,9,Yes,99.0,40.0,966561
314,42,Male,Master,IT,3,,Medium,Developer,4,Yes,Yes,41,3,No,59.0,60.0,1068554
315,33,Male,Diploma,Finance,13,Mumbai,Medium,Analyst,2,No,Yes,40,9,Yes,45.0,95.0,1383193
316,41,Male,Bachelor,IT,12,Mumbai,Medium,Manager,3,No,Yes,38,2,No,86.0,75.0,1644448
317,35,Male,Diploma,IT,0,Mumbai,Large,Analyst,2,No,No,50,7,Yes,61.0,66.0,685266
318,57,Male,Master,Sales,20,Nagpur,Small,Developer,2,Yes,Yes,60,5,Yes,43.0,81.0,2005486
319,45,Female,Master,Finance,17,Nagpur,Medium,Analyst,3,Yes,No,55,9,Yes,66.0,44.0,1658347
320,27,Female,Diploma,IT,8,Nashik,Small,Analyst,2,No,No,56,7,Yes,97.0,72.0,1336683
321,59,Female,Diploma,Sales,0,Mumbai,Small,Tester,5,Yes,Yes,56,1,No,90.0,56.0,793305
322,30,Male,Bachelor,Sales,16,Nagpur,Medium,Analyst,2,No,Yes,55,5,Yes,94.0,73.0,1748448
323,32,Male,Master,IT,1,Nashik,Small,Developer,1,Yes,No,58,8,No,95.0,61.0,1147112
324,55,Female,Master,Sales,5,Nagpur,Small,Analyst,3,No,Yes,53,1,No,39.0,99.0,1323627
325,42,Male,Diploma,HR,6,Nashik,Medium,Developer,4,No,No,49,8,Yes,55.0,60.0,1085454
326,47,Male,Diploma,IT,7,Nagpur,Small,Tester,4,Yes,No,43,8,Yes,43.0,60.0,963030
327,55,Male,Diploma,HR,16,Mumbai,Small,Tester,1,No,No,40,7,Yes,32.0,41.0,1298667
328,39,Male,Bachelor,Finance,19,Mumbai,Small,Manager,1,No,No,39,3,Yes,79.0,62.0,1817002
329,56,Male,Bachelor,Sales,10,Nagpur,Large,Manager,4,Yes,No,39,5,Yes,37.0,95.0,1529038
330,35,Male,Bachelor,Finance,7,Mumbai,Large,Developer,1,Yes,Yes,50,8,Yes,76.0,94.0,1216548
331,23,Male,Diploma,IT,17,Nagpur,Medium,Tester,4,Yes,Yes,47,3,Yes,99.0,81.0,1641016
332,28,Female,Master,HR,17,Nashik,Small,Tester,1,No,No,39,5,Yes,30.0,82.0,1885396
333,36,Female,Master,IT,3,Mumbai,Small,Analyst,3,Yes,No,35,7,Yes,61.0,69.0,1184709
334,24,Female,Bachelor,Finance,20,Nashik,Small,Tester,5,Yes,No,40,10,Yes,63.0,60.0,1841102
335,25,Female,Bachelor,Marketing,4,,Medium,Manager,3,No,Yes,37,9,Yes,97.0,64.0,1137870
336,39,Male,Diploma,Sales,19,Mumbai,Small,Manager,2,Yes,No,46,9,Yes,35.0,77.0,1646563
337,41,Female,Master,Finance,10,Mumbai,Small,Analyst,4,No,No,58,10,Yes,,41.0,1387582
338,54,Female,Diploma,IT,0,Mumbai,Small,Tester,3,No,No,43,3,Yes,,60.0,784861
339,37,Male,Master,Marketing,14,Pune,Large,Tester,2,Yes,Yes,39,3,No,86.0,57.0,1822510
340,54,Male,Master,HR,0,,Medium,Manager,5,No,No,36,3,No,45.0,59.0,873667
341,21,Female,Bachelor,HR,7,Mumbai,Small,Analyst,4,Yes,Yes,42,7,Yes,76.0,95.0,1386663
342,58,Female,Diploma,Sales,2,Nashik,Medium,Developer,2,No,Yes,49,5,No,54.0,43.0,642287
343,32,Female,Bachelor,Finance,2,Mumbai,Small,Analyst,5,No,Yes,51,7,Yes,82.0,96.0,1198112
344,47,Male,Bachelor,IT,8,Pune,Medium,Tester,4,Yes,No,57,2,No,35.0,74.0,1282866
345,34,Male,Diploma,Sales,13,Nagpur,Large,Analyst,4,Yes,No,54,1,Yes,91.0,77.0,1484734
346,39,Male,Diploma,IT,7,,Small,Analyst,2,Yes,No,48,3,No,51.0,63.0,983424
347,39,Male,Master,Marketing,2,Nashik,Small,Developer,3,Yes,Yes,49,4,No,57.0,81.0,1074664
348,56,Male,Diploma,Finance,13,Mumbai,Small,Tester,5,Yes,Yes,42,1,No,90.0,,1651878
349,34,Female,Master,Sales,8,Mumbai,Medium,Tester,4,Yes,No,43,4,Yes,43.0,72.0,1293989
350,36,Female,Diploma,Finance,3,Nagpur,Small,Developer,2,Yes,No,51,3,No,70.0,67.0,895338
351,29,Female,Bachelor,IT,10,Mumbai,Medium,Tester,2,Yes,No,43,4,Yes,50.0,,1300811
352,28,Male,Master,Marketing,2,Mumbai,Medium,Manager,2,No,No,47,7,No,94.0,56.0,1094069
353,39,Female,Master,Sales,14,Nashik,Small,Developer,4,No,Yes,60,4,Yes,83.0,79.0,1928424
354,40,Male,Bachelor,Sales,7,Nashik,Large,Analyst,3,Yes,Yes,59,3,Yes,67.0,60.0,1152338
355,23,Male,Master,Finance,3,Mumbai,Small,Tester,4,No,Yes,56,2,Yes,57.0,94.0,1339685
356,28,Female,Diploma,Finance,1,Mumbai,Large,Manager,1,Yes,Yes,57,6,No,30.0,66.0,585062
357,47,Female,Master,HR,5,Nagpur,Small,Developer,1,Yes,Yes,42,3,Yes,46.0,61.0,1151494
358,34,Female,Diploma,IT,9,Nashik,Large,Analyst,1,Yes,No,37,4,Yes,69.0,40.0,955935
359,29,Male,Bachelor,IT,16,Pune,Large,Analyst,5,Yes,No,58,5,Yes,78.0,52.0,1761758
360,59,Female,Bachelor,Marketing,16,,Medium,Manager,1,No,Yes,57,9,Yes,50.0,80.0,1578797
361,21,Female,Master,Sales,6,Nashik,Small,Manager,3,Yes,Yes,42,3,No,48.0,52.0,1280648
362,53,Female,Bachelor,HR,11,Pune,Large,Developer,5,No,Yes,47,10,Yes,41.0,47.0,1342522
363,38,Female,Master,Marketing,6,Pune,Large,Developer,2,No,Yes,52,2,No,,67.0,1336589
364,38,Male,Master,HR,3,Nashik,Medium,Analyst,1,Yes,No,39,3,No,65.0,,1054318
365,49,Female,Diploma,HR,14,Pune,Large,Developer,4,No,No,43,10,Yes,44.0,67.0,1361896
366,34,Male,Master,IT,1,Nagpur,Medium,Tester,3,Yes,No,52,3,No,39.0,90.0,1228965
367,22,Female,Bachelor,Marketing,8,Nagpur,Small,Tester,4,Yes,Yes,40,3,No,32.0,96.0,1303005
368,32,Male,Diploma,Finance,15,Mumbai,Medium,Manager,2,Yes,Yes,37,1,No,70.0,69.0,1469920
369,43,Female,Diploma,HR,12,Mumbai,Large,Developer,2,No,No,58,9,Yes,91.0,54.0,1105748
370,38,Male,Bachelor,Marketing,5,,Small,Developer,5,Yes,No,38,3,Yes,83.0,67.0,1251111
371,54,Female,Diploma,Marketing,12,Nashik,Large,Manager,1,No,Yes,37,3,Yes,,94.0,1399988
372,43,Female,Diploma,Marketing,11,Nagpur,Small,Developer,1,No,Yes,42,10,No,92.0,54.0,1268095
373,57,Female,Diploma,Marketing,3,,Small,Developer,1,Yes,Yes,41,4,Yes,53.0,99.0,818222
374,40,Female,Master,IT,4,Nagpur,Small,Manager,1,No,No,53,10,No,,95.0,1268134
375,31,Female,Master,IT,17,Nagpur,Small,Manager,3,No,No,51,1,Yes,72.0,67.0,1967891
376,32,Male,Bachelor,Finance,5,Nagpur,Medium,Manager,2,Yes,No,40,1,Yes,77.0,44.0,961638
377,23,Male,Diploma,IT,3,Nashik,Large,Tester,5,Yes,Yes,45,4,No,79.0,88.0,982592
378,47,Female,Master,Marketing,13,Nagpur,Large,Analyst,3,No,No,44,3,Yes,93.0,93.0,1800343
379,57,Male,Bachelor,Marketing,17,Pune,Small,Tester,3,Yes,Yes,44,5,Yes,44.0,45.0,1498310
380,29,Male,Diploma,IT,2,Nagpur,Small,Tester,4,Yes,Yes,51,4,No,47.0,62.0,785620
381,54,Male,Bachelor,IT,16,Nagpur,Large,Tester,4,No,No,47,6,No,98.0,84.0,1817664
382,54,Female,Diploma,IT,20,Nagpur,Small,Analyst,3,Yes,Yes,47,3,Yes,32.0,98.0,1685576
383,21,Female,Bachelor,Sales,16,Nashik,Medium,Tester,4,No,Yes,58,3,Yes,50.0,60.0,1639889
384,56,Female,Bachelor,HR,12,Nagpur,Small,Tester,2,No,Yes,53,1,Yes,40.0,86.0,1503516
385,41,Female,Master,Finance,2,Nashik,Small,Manager,2,No,No,42,5,No,53.0,99.0,1087136
386,47,Male,Bachelor,HR,16,Pune,Medium,Tester,4,No,No,55,2,No,48.0,76.0,1735735
387,37,Male,Master,HR,10,Nagpur,Small,Tester,5,No,No,58,4,Yes,76.0,93.0,1657058
388,26,Male,Master,IT,8,Nashik,Large,Tester,2,Yes,Yes,51,3,Yes,41.0,,1433909
389,56,Male,Diploma,IT,18,Pune,Small,Tester,4,Yes,No,40,1,Yes,81.0,65.0,1671921
390,37,Female,Bachelor,Sales,14,Nagpur,Large,Developer,3,Yes,Yes,53,5,No,93.0,66.0,1677171
391,27,Female,Bachelor,HR,13,Nagpur,Large,Manager,2,No,Yes,47,3,No,80.0,66.0,1615401
392,37,Male,Master,Finance,15,Mumbai,Medium,Developer,4,Yes,Yes,51,1,Yes,74.0,48.0,1858626
393,33,Male,Master,HR,0,Nashik,Large,Tester,3,Yes,Yes,49,7,No,92.0,71.0,1051179
394,23,Male,Diploma,Marketing,15,Mumbai,Small,Manager,5,No,No,56,10,No,72.0,89.0,1694285
395,50,Female,Bachelor,Sales,9,Nashik,Small,Tester,4,No,No,59,3,Yes,95.0,60.0,1449641
396,50,Female,Diploma,Marketing,18,Nashik,Medium,Developer,2,No,Yes,41,3,No,100.0,89.0,1646560
397,28,Female,Bachelor,Finance,0,Nashik,Large,Manager,1,Yes,Yes,39,9,Yes,66.0,75.0,777681
398,43,Female,Diploma,Finance,0,Pune,Large,Developer,3,No,No,43,2,No,95.0,75.0,817053
399,33,Female,Bachelor,Sales,13,,Large,Analyst,4,No,Yes,47,2,No,59.0,53.0,1639255
400,22,Female,Master,Marketing,12,Nashik,Small,Analyst,3,No,Yes,42,1,No,45.0,100.0,1770268
401,46,Female,Diploma,Marketing,1,Pune,Large,Manager,4,Yes,Yes,47,8,No,45.0,81.0,718219
402,59,Female,Diploma,Sales,14,Nashik,Medium,Manager,4,No,No,37,8,Yes,,70.0,1438784
403,50,Male,Bachelor,Marketing,13,,Medium,Analyst,3,Yes,No,55,5,No,82.0,95.0,1656769
404,45,Male,Bachelor,HR,18,Pune,Small,Manager,3,No,No,56,1,Yes,86.0,92.0,1983210
405,34,Male,Bachelor,IT,9,Nagpur,Medium,Analyst,4,No,Yes,52,4,Yes,83.0,49.0,1307272
406,43,Female,Bachelor,HR,20,Pune,Large,Analyst,4,No,Yes,42,2,Yes,88.0,63.0,1864669
407,52,Female,Master,Sales,11,Nagpur,Medium,Tester,2,No,Yes,56,6,Yes,78.0,,1602904
408,26,Male,Master,Finance,16,Mumbai,Medium,Analyst,2,Yes,Yes,39,9,Yes,37.0,62.0,1714730
409,24,Female,Diploma,Finance,10,Pune,Small,Tester,1,No,Yes,38,2,Yes,48.0,96.0,1321568
410,26,Female,Diploma,Finance,14,Nagpur,Large,Manager,5,No,Yes,50,8,No,78.0,90.0,1592170
411,53,Female,Bachelor,HR,11,Pune,Medium,Developer,5,Yes,Yes,59,8,Yes,46.0,90.0,1523756
412,33,Male,Diploma,Marketing,9,Pune,Small,Manager,5,Yes,No,39,1,No,50.0,86.0,1427535
413,41,Male,Master,Marketing,11,Mumbai,Large,Developer,1,Yes,Yes,54,3,Yes,97.0,50.0,1391069
414,37,Female,Bachelor,Sales,18,,Large,Manager,5,No,Yes,39,6,Yes,71.0,51.0,1845178
415,34,Male,Master,Finance,15,Nagpur,Large,Developer,4,No,Yes,37,9,No,70.0,78.0,1757301
416,56,Male,Diploma,Finance,6,Mumbai,Small,Tester,5,Yes,Yes,36,9,No,42.0,80.0,1078076
417,43,Male,Master,Finance,8,Nagpur,Medium,Analyst,3,Yes,No,47,2,Yes,83.0,77.0,1450658
418,23,Female,Master,Finance,8,Pune,Small,Developer,4,Yes,Yes,40,5,No,,63.0,1421710
419,30,Male,Diploma,Marketing,7,Mumbai,Large,Developer,1,No,Yes,55,5,No,50.0,93.0,1006721
420,58,Female,Bachelor,Sales,9,Mumbai,Small,Analyst,5,Yes,No,58,2,No,66.0,85.0,1325997
421,37,Female,Master,Sales,16,Mumbai,Small,Developer,2,Yes,Yes,46,6,Yes,64.0,,1601013
422,45,Female,Bachelor,Sales,19,Nashik,Large,Developer,5,No,No,38,10,Yes,72.0,63.0,1844717
423,48,Female,Diploma,Sales,5,Nagpur,Medium,Tester,4,No,No,60,6,Yes,57.0,40.0,796230
424,50,Male,Diploma,IT,20,Pune,Small,Tester,3,No,No,43,2,Yes,76.0,81.0,1720460
425,32,Female,Master,Finance,4,Mumbai,Large,Analyst,5,No,No,50,5,Yes,54.0,45.0,1169148
426,29,Female,Bachelor,IT,3,Mumbai,Medium,Manager,4,Yes,Yes,45,8,No,80.0,52.0,1121921
427,23,Male,Master,Sales,0,Pune,Medium,Manager,1,No,Yes,43,2,Yes,74.0,62.0,810927
428,46,Male,Diploma,Marketing,1,Nagpur,Medium,Analyst,5,Yes,No,38,10,No,73.0,67.0,761220
429,35,Female,Diploma,Finance,7,Mumbai,Large,Analyst,5,No,No,56,9,Yes,85.0,48.0,1071170
430,46,Female,Diploma,Sales,16,Nagpur,Small,Tester,2,No,No,59,10,Yes,100.0,98.0,1670456
431,51,Male,Bachelor,IT,12,Nagpur,Medium,Developer,3,Yes,Yes,45,1,No,82.0,58.0,1517275
432,51,Male,Master,Sales,16,Nashik,Medium,Developer,4,Yes,No,43,2,No,83.0,86.0,1943348
433,54,Female,Master,Finance,16,Nagpur,Small,Developer,5,Yes,Yes,49,10,No,81.0,89.0,1842375
434,58,Female,Bachelor,Marketing,20,Nashik,Large,Developer,5,Yes,Yes,56,2,No,35.0,85.0,1884954
435,53,Female,Diploma,IT,13,Nashik,Large,Analyst,5,Yes,Yes,51,2,No,32.0,49.0,1277940
436,36,Female,Diploma,HR,10,Nashik,Small,Tester,4,Yes,Yes,38,3,No,99.0,70.0,1199928
437,45,Male,Bachelor,Sales,15,Mumbai,Large,Developer,3,No,No,52,3,Yes,91.0,95.0,1628650
438,26,Male,Master,HR,5,Mumbai,Medium,Manager,2,No,No,38,3,Yes,55.0,93.0,1351473
439,28,Female,Bachelor,Finance,1,Nashik,Medium,Analyst,3,Yes,No,47,10,No,72.0,56.0,906070
440,59,Female,Master,Marketing,7,Pune,Small,Analyst,4,No,No,51,4,Yes,94.0,69.0,1438531
441,41,Male,Master,Marketing,17,,Large,Developer,5,No,No,58,10,No,73.0,61.0,1952979
442,57,Female,Master,Sales,7,Mumbai,Large,Developer,3,Yes,No,59,3,Yes,51.0,41.0,1213901
443,27,Male,Diploma,HR,11,Nashik,Small,Manager,5,No,Yes,51,3,Yes,39.0,52.0,1496170
444,55,Female,Master,HR,19,Mumbai,Medium,Tester,5,Yes,Yes,51,7,No,64.0,59.0,1864927
445,47,Female,Diploma,IT,13,,Medium,Tester,2,No,Yes,52,4,Yes,74.0,56.0,1327518
446,46,Female,Master,HR,0,Nagpur,Small,Manager,1,Yes,Yes,47,4,No,87.0,89.0,940130
447,49,Male,Bachelor,IT,19,Pune,Small,Developer,2,No,Yes,38,5,No,,62.0,1757437
448,55,Female,Bachelor,HR,10,Pune,Large,Manager,3,Yes,No,46,10,No,50.0,95.0,1499905
449,46,Male,Master,IT,18,Pune,Medium,Developer,5,No,No,42,5,No,89.0,58.0,2035834
450,40,Female,Diploma,Marketing,20,Pune,Small,Developer,4,Yes,No,49,2,No,52.0,53.0,1647824
451,59,Female,Diploma,HR,19,Pune,Large,Manager,5,No,No,48,9,No,37.0,84.0,1697442
452,21,Female,Diploma,Marketing,3,Mumbai,Small,Manager,3,No,Yes,37,8,Yes,66.0,97.0,894902
453,54,Female,Diploma,Sales,7,Mumbai,Medium,Manager,4,No,Yes,59,1,No,,100.0,1284180
454,25,Female,Master,Sales,20,Mumbai,Medium,Analyst,4,No,Yes,55,9,Yes,52.0,95.0,2089569
455,41,Male,Diploma,IT,5,Pune,Large,Analyst,1,No,Yes,54,3,Yes,39.0,76.0,845931
456,56,Female,Master,IT,18,Pune,Small,Tester,4,No,Yes,49,9,Yes,67.0,61.0,1867456
457,56,Male,Diploma,HR,4,Nashik,Large,Developer,2,Yes,No,41,8,No,79.0,52.0,768184
458,51,Female,Bachelor,Sales,20,Nagpur,Medium,Developer,5,No,Yes,44,10,Yes,45.0,93.0,1915617
459,37,Male,Master,Marketing,1,Mumbai,Large,Developer,1,No,Yes,38,4,No,40.0,48.0,856018
460,57,Female,Master,Marketing,14,Mumbai,Medium,Tester,3,No,No,40,1,Yes,50.0,64.0,1855031
461,22,Male,Bachelor,Marketing,0,Pune,Small,Tester,3,No,Yes,42,7,No,65.0,64.0,839611
462,37,Female,Master,IT,5,Pune,Small,Developer,2,Yes,No,36,9,Yes,68.0,40.0,1157889
463,21,Male,Bachelor,Finance,8,Pune,Medium,Analyst,4,Yes,Yes,51,3,Yes,81.0,52.0,1308489
464,39,Female,Master,HR,14,Mumbai,Small,Developer,4,No,Yes,45,4,No,47.0,75.0,1831790
465,24,Male,Master,Finance,2,Mumbai,Small,Tester,2,No,No,58,3,Yes,62.0,79.0,1114176
466,39,Male,Master,IT,5,Nashik,Large,Developer,1,Yes,No,55,1,No,78.0,96.0,1367383
467,45,Female,Bachelor,Marketing,4,Nashik,Large,Analyst,5,No,No,54,4,No,93.0,66.0,1187143
468,57,Male,Diploma,Finance,11,Pune,Small,Tester,2,No,No,42,7,Yes,51.0,62.0,1160263
469,36,Female,Master,Sales,13,Nagpur,Medium,Manager,3,No,No,42,1,Yes,45.0,95.0,1739664
470,47,Male,Diploma,Finance,16,Pune,Large,Analyst,5,No,Yes,46,1,Yes,34.0,51.0,1463148
471,53,Male,Diploma,Marketing,5,Nagpur,Large,Analyst,5,Yes,No,52,9,No,86.0,72.0,1088171
472,50,Male,Master,Finance,18,Nagpur,Small,Manager,5,Yes,No,49,7,Yes,95.0,61.0,2062349
473,43,Female,Bachelor,Marketing,3,Mumbai,Large,Analyst,5,Yes,Yes,53,6,No,83.0,72.0,1067780
474,30,Male,Diploma,Marketing,19,Pune,Large,Tester,2,No,Yes,43,9,Yes,92.0,68.0,1697204
475,48,Male,Bachelor,IT,7,Nashik,Medium,Analyst,5,Yes,Yes,43,5,No,46.0,65.0,1238047
476,47,Female,Bachelor,Sales,17,Mumbai,Small,Manager,4,Yes,No,51,7,No,70.0,65.0,1659853
477,30,Male,Master,Sales,2,Nagpur,Medium,Developer,2,No,No,40,6,Yes,64.0,49.0,928251
478,58,Female,Master,Finance,10,Nashik,Medium,Tester,3,Yes,Yes,54,9,No,58.0,94.0,1522683
479,26,Male,Diploma,IT,19,Nashik,Small,Analyst,3,Yes,Yes,43,4,No,95.0,83.0,1859692
480,39,Male,Master,HR,1,Nagpur,Medium,Developer,4,No,No,60,9,No,94.0,68.0,1214094
481,50,Male,Diploma,Sales,9,Mumbai,Small,Developer,3,Yes,Yes,59,1,Yes,51.0,92.0,1282318
482,29,Male,Master,Marketing,16,Pune,Small,Analyst,4,No,Yes,38,3,No,36.0,84.0,1963997
483,58,Male,Master,Finance,0,Mumbai,Small,Tester,4,No,No,51,10,Yes,75.0,49.0,1023668
484,41,Female,Diploma,Marketing,17,,Large,Analyst,2,No,Yes,59,4,No,64.0,,1438426
485,40,Male,Bachelor,HR,8,Nagpur,Medium,Analyst,2,Yes,Yes,47,8,Yes,,66.0,1335966
486,52,Female,Master,HR,6,Mumbai,Small,Tester,5,Yes,Yes,54,1,Yes,52.0,88.0,1540516
487,23,Male,Bachelor,Marketing,13,Mumbai,Large,Tester,3,No,No,60,1,Yes,,44.0,1411795
488,30,Female,Master,HR,10,Nagpur,Medium,Manager,2,Yes,No,52,6,Yes,77.0,55.0,1501322
489,30,Female,Bachelor,HR,18,Mumbai,Medium,Tester,3,No,Yes,40,1,Yes,92.0,75.0,1715966
490,45,Male,Master,Marketing,13,Mumbai,Large,Developer,3,No,Yes,41,1,No,35.0,47.0,1547041
491,58,Female,Bachelor,IT,0,Pune,Medium,Manager,5,No,No,60,8,No,38.0,93.0,1058946
492,35,Female,Master,Sales,3,Pune,Medium,Tester,4,Yes,No,52,2,No,66.0,89.0,1256033
493,44,Female,Bachelor,Marketing,10,Nashik,Large,Tester,1,Yes,Yes,38,1,Yes,33.0,97.0,1234331
494,58,Male,Bachelor,IT,2,Pune,Large,Tester,2,No,Yes,40,5,Yes,30.0,53.0,947091
495,40,Male,Bachelor,IT,15,Pune,Medium,Tester,5,Yes,Yes,53,3,No,50.0,68.0,1715484
496,32,Female,Diploma,IT,3,Mumbai,Large,Tester,1,No,No,58,10,Yes,97.0,44.0,828123
497,52,Female,Diploma,Sales,20,Mumbai,Small,Manager,2,Yes,Yes,57,5,Yes,81.0,100.0,1840354
498,59,Male,Master,IT,3,Nashik,Small,Developer,2,Yes,Yes,50,1,No,78.0,85.0,1227055
499,25,Female,Bachelor,Sales,16,Nagpur,Large,Analyst,5,Yes,Yes,44,7,Yes,38.0,60.0,1671660
500,42,Female,Master,Marketing,16,Nashik,Medium,Manager,3,Yes,Yes,43,5,No,59.0,51.0,1559971
501,41,Male,Bachelor,Finance,12,Pune,Medium,Developer,4,Yes,No,36,5,No,52.0,,1609588
502,53,Female,Diploma,Marketing,5,Nashik,Large,Tester,2,No,No,51,10,Yes,51.0,83.0,931176
503,54,Female,Bachelor,Sales,18,Mumbai,Medium,Developer,2,No,Yes,43,10,No,39.0,53.0,1720010
504,48,Male,Master,HR,10,Nashik,Medium,Manager,3,Yes,No,58,8,Yes,44.0,53.0,1564713
505,23,Male,Bachelor,Sales,10,Nashik,Small,Analyst,1,No,No,44,8,No,76.0,100.0,1486910
506,54,Female,Diploma,HR,14,Pune,Medium,Analyst,1,Yes,Yes,53,6,No,58.0,81.0,1420325
507,49,Male,Diploma,HR,0,Pune,Large,Manager,5,Yes,Yes,41,8,Yes,77.0,73.0,818152
508,46,Female,Diploma,Marketing,16,Mumbai,Large,Developer,5,No,No,51,3,No,98.0,46.0,1555113
509,45,Female,Bachelor,Sales,6,Pune,Large,Manager,1,No,Yes,37,5,Yes,82.0,97.0,1283985
510,45,Female,Diploma,Sales,10,Mumbai,Large,Manager,2,No,Yes,56,9,No,45.0,71.0,1268248
511,27,Female,Diploma,Finance,0,Mumbai,Small,Analyst,1,No,Yes,48,3,No,70.0,68.0,490134
512,35,Female,Bachelor,HR,18,Nashik,Small,Manager,1,No,No,37,5,No,74.0,41.0,1590050
513,52,Female,Diploma,Sales,13,Pune,Medium,Manager,1,No,No,42,6,No,47.0,69.0,1273074
514,35,Male,Bachelor,Marketing,5,Pune,Large,Analyst,1,Yes,No,54,9,Yes,65.0,51.0,986141
515,40,Female,Master,Sales,16,Pune,Small,Analyst,2,No,Yes,44,3,Yes,95.0,,1911912
516,24,Female,Bachelor,HR,18,Nashik,Medium,Manager,3,No,Yes,54,10,No,84.0,42.0,1684639
517,29,Male,Diploma,IT,10,,Medium,Tester,3,Yes,No,36,8,No,59.0,,1264621
518,28,Female,Bachelor,Finance,14,Nashik,Medium,Developer,1,No,Yes,43,10,No,65.0,87.0,1484485
519,37,Male,Master,Marketing,4,Pune,Medium,Manager,5,No,No,37,5,No,,87.0,1391206
520,27,Female,Diploma,Marketing,18,Nashik,Medium,Analyst,5,Yes,No,43,6,No,,83.0,1876836
521,57,Female,Master,IT,16,Mumbai,Small,Manager,3,Yes,No,55,6,No,50.0,55.0,1797730
522,33,Female,Master,Finance,9,Nagpur,Medium,Tester,2,No,No,45,6,No,90.0,51.0,1423847
523,50,Male,Diploma,IT,15,Pune,Large,Analyst,3,No,Yes,46,10,Yes,86.0,47.0,1346353
524,32,Female,Diploma,IT,11,Mumbai,Small,Tester,1,Yes,Yes,53,10,No,31.0,50.0,1021509
525,58,Male,Master,IT,17,,Large,Analyst,1,Yes,No,37,1,No,91.0,71.0,1763145
526,33,Male,Diploma,Finance,12,Nagpur,Large,Analyst,4,Yes,Yes,38,7,Yes,50.0,71.0,1400219
527,44,Female,Diploma,Finance,9,Nagpur,Medium,Manager,5,No,Yes,54,10,Yes,33.0,78.0,1239491
528,48,Female,Master,Marketing,4,Nagpur,Large,Manager,4,No,No,42,1,Yes,62.0,59.0,1196771
529,26,Female,Diploma,Finance,4,Nashik,Medium,Manager,5,Yes,No,59,8,Yes,50.0,61.0,997407
530,33,Male,Diploma,Finance,13,Nashik,Medium,Developer,5,No,No,40,2,No,100.0,98.0,1620471
531,36,Female,Diploma,Finance,1,Pune,Small,Manager,3,Yes,No,47,1,No,83.0,47.0,898456
532,41,Male,Bachelor,HR,2,Nagpur,Medium,Analyst,3,No,Yes,53,6,No,88.0,91.0,991895
533,35,Male,Master,Marketing,10,Nashik,Medium,Manager,4,No,Yes,45,10,Yes,77.0,69.0,1478961
534,39,Male,Diploma,Finance,2,Mumbai,Large,Tester,5,No,No,59,4,No,39.0,42.0,815568
535,39,Female,Diploma,IT,18,Pune,Small,Developer,2,Yes,Yes,57,8,No,90.0,82.0,1564678
536,48,Male,Bachelor,Sales,10,Mumbai,Small,Developer,2,Yes,Yes,39,5,No,84.0,85.0,1381744
537,40,Female,Diploma,Sales,18,Nashik,Medium,Manager,4,No,Yes,40,9,No,79.0,60.0,1717976
538,38,Male,Diploma,IT,13,Nashik,Medium,Developer,3,No,Yes,57,6,Yes,90.0,50.0,1368945
539,45,Female,Bachelor,IT,17,Mumbai,Large,Analyst,3,No,No,43,6,Yes,50.0,95.0,1753448
540,27,Male,Master,HR,9,Nagpur,Large,Developer,3,Yes,No,38,1,No,94.0,61.0,1487275
541,49,Female,Master,Finance,14,Pune,Large,Developer,4,Yes,No,48,2,No,51.0,79.0,1921464
542,35,Female,Master,HR,19,Nashik,Small,Analyst,1,Yes,Yes,46,8,No,88.0,89.0,1975522
543,33,Male,Bachelor,HR,19,Nashik,Large,Developer,3,No,Yes,36,5,Yes,57.0,69.0,1599135
544,46,Female,Diploma,Marketing,16,Pune,Medium,Developer,2,Yes,Yes,45,8,No,65.0,77.0,1491771
545,46,Female,Diploma,IT,11,Mumbai,Medium,Analyst,3,Yes,Yes,51,4,No,51.0,79.0,1252112
546,36,Female,Diploma,Marketing,19,Nashik,Medium,Analyst,3,Yes,No,47,8,No,36.0,94.0,1734205
547,37,Male,Master,Finance,15,Mumbai,Medium,Tester,5,No,No,49,7,Yes,64.0,66.0,1761743
548,59,Male,Master,Marketing,7,Nashik,Medium,Tester,5,No,Yes,55,7,Yes,49.0,54.0,1288577
549,31,Male,Master,Sales,11,Nashik,Medium,Manager,1,No,Yes,36,2,No,93.0,88.0,1595513
550,40,Male,Master,IT,6,Nashik,Large,Analyst,2,No,Yes,52,6,No,63.0,,1389008
551,31,Female,Diploma,Marketing,9,Pune,Large,Manager,4,No,No,48,8,No,44.0,71.0,1033822
552,56,Male,Diploma,Marketing,9,Mumbai,Small,Analyst,4,Yes,Yes,47,4,Yes,78.0,78.0,1211974
553,51,Female,Diploma,HR,4,Mumbai,Small,Tester,4,No,No,57,5,Yes,93.0,65.0,930392
554,43,Male,Bachelor,Marketing,5,Mumbai,Small,Analyst,3,No,Yes,51,1,No,73.0,49.0,1023225
555,33,Male,Master,Finance,9,Nagpur,Medium,Developer,2,No,Yes,59,2,Yes,82.0,96.0,1472131
556,35,Male,Bachelor,HR,18,Mumbai,Small,Analyst,1,No,Yes,49,7,Yes,44.0,51.0,1414243
557,47,Male,Master,Marketing,6,Pune,Large,Tester,1,Yes,No,55,2,No,61.0,52.0,1157189
558,32,Female,Master,IT,12,Pune,Small,Tester,1,No,Yes,46,6,No,92.0,55.0,1605612
559,24,Female,Bachelor,Marketing,18,Nashik,Medium,Tester,1,No,No,59,8,Yes,77.0,99.0,1705190
560,39,Male,Master,Sales,12,Nashik,Medium,Tester,1,No,No,47,9,Yes,35.0,84.0,1494542
561,58,Male,Master,Finance,13,Mumbai,Large,Analyst,4,No,Yes,40,8,No,68.0,70.0,1709624
562,23,Male,Diploma,Finance,20,Mumbai,Large,Manager,3,Yes,Yes,47,6,Yes,,69.0,1715142
563,26,Female,Bachelor,HR,1,Pune,Medium,Manager,5,Yes,Yes,48,3,No,67.0,55.0,925899
564,51,Male,Bachelor,Marketing,9,Nagpur,Large,Analyst,3,Yes,No,39,4,No,,42.0,1260606
565,40,Female,Diploma,Marketing,8,Mumbai,Large,Manager,5,Yes,No,54,1,Yes,51.0,70.0,1210108
566,33,Female,Diploma,Finance,3,Nagpur,Medium,Developer,1,Yes,Yes,51,8,No,44.0,72.0,893265
567,46,Female,Diploma,Marketing,7,Mumbai,Medium,Analyst,3,No,Yes,49,7,Yes,52.0,89.0,1049079
568,36,Female,Diploma,Sales,4,Mumbai,Small,Tester,4,No,No,57,2,Yes,90.0,88.0,1003577
569,37,Female,Diploma,IT,17,Nagpur,Large,Developer,5,No,No,42,3,Yes,42.0,56.0,1627478
570,30,Female,Bachelor,HR,19,Pune,Medium,Analyst,1,No,No,46,5,Yes,81.0,54.0,1777522
571,21,Male,Master,HR,19,Mumbai,Medium,Tester,1,No,Yes,46,3,Yes,86.0,69.0,2030971
572,35,Female,Master,Sales,10,Nashik,Medium,Analyst,1,No,No,46,1,Yes,61.0,73.0,1446007
573,31,Male,Bachelor,Finance,12,Nagpur,Large,Analyst,1,No,Yes,41,1,Yes,86.0,53.0,1441485
574,43,Female,Diploma,HR,0,Mumbai,Small,Developer,2,Yes,Yes,58,6,No,69.0,71.0,821980
575,55,Female,Diploma,IT,17,Nashik,Medium,Tester,5,Yes,No,53,8,Yes,,77.0,1630781
576,39,Male,Master,HR,16,Nashik,Large,Tester,3,Yes,Yes,41,1,No,95.0,,1811356
577,24,Male,Master,Finance,5,Pune,Small,Manager,4,Yes,No,56,10,Yes,95.0,,1405111
578,33,Male,Bachelor,IT,16,Nagpur,Large,Manager,4,No,Yes,54,10,Yes,87.0,82.0,1911303
579,48,Female,Bachelor,HR,16,Nagpur,Large,Developer,4,No,No,35,10,Yes,89.0,80.0,1725181
580,32,Male,Diploma,Marketing,17,Nagpur,Large,Developer,1,Yes,Yes,42,8,No,92.0,87.0,1597636
581,44,Female,Bachelor,Sales,15,Pune,Small,Manager,4,No,No,57,9,No,67.0,89.0,1752424
582,29,Female,Diploma,IT,1,Nashik,Medium,Developer,2,No,Yes,60,4,Yes,53.0,42.0,515684
583,47,Female,Bachelor,HR,7,Mumbai,Large,Tester,3,Yes,No,50,1,Yes,96.0,49.0,1128075
584,46,Male,Master,Sales,14,,Large,Manager,4,No,Yes,49,2,Yes,82.0,74.0,1761267
585,21,Male,Master,Marketing,17,Pune,Small,Manager,4,Yes,No,56,9,Yes,33.0,59.0,1896349
586,45,Male,Master,Finance,1,Mumbai,Large,Developer,3,Yes,No,54,1,Yes,50.0,69.0,952496
587,35,Male,Master,Finance,19,Nagpur,Medium,Manager,5,No,No,60,10,Yes,91.0,61.0,1948084
588,44,Male,Diploma,HR,13,Pune,Small,Manager,1,Yes,Yes,59,10,Yes,50.0,91.0,1365948
589,41,Male,Master,Finance,4,Mumbai,Large,Tester,1,Yes,No,37,6,No,76.0,45.0,1077446
590,30,Female,Diploma,Sales,7,Nagpur,Small,Analyst,3,Yes,Yes,59,4,Yes,69.0,,1020975
591,57,Male,Bachelor,Finance,16,Nagpur,Small,Analyst,3,Yes,Yes,58,6,Yes,90.0,47.0,1593692
592,21,Female,Bachelor,Finance,4,Nagpur,Small,Tester,3,No,Yes,42,3,No,31.0,48.0,941972
593,48,Female,Master,Sales,10,Mumbai,Large,Developer,4,No,No,60,9,Yes,68.0,67.0,1560620
594,54,Female,Diploma,IT,6,Nagpur,Large,Developer,2,Yes,No,57,4,No,85.0,70.0,918159
595,41,Female,Bachelor,Finance,11,Nagpur,Small,Tester,5,No,Yes,49,1,Yes,30.0,40.0,1343882
596,37,Female,Bachelor,IT,5,,Small,Analyst,5,No,No,51,6,No,37.0,74.0,1027715
597,28,Male,Bachelor,HR,12,Nagpur,Large,Analyst,1,No,Yes,49,6,No,74.0,56.0,1328907
598,26,Male,Bachelor,IT,12,Mumbai,Small,Tester,5,No,Yes,39,6,No,64.0,88.0,1642139
599,40,Male,Master,Sales,16,Nagpur,Small,Analyst,1,No,Yes,40,6,Yes,63.0,62.0,1720353
600,34,Male,Diploma,IT,17,Nagpur,Medium,Manager,4,No,No,48,7,Yes,46.0,57.0,1475892
601,37,Male,Diploma,HR,11,Mumbai,Large,Manager,3,Yes,No,37,3,No,92.0,94.0,1418386
602,44,Male,Bachelor,Marketing,19,Nagpur,Small,Analyst,3,No,No,51,7,No,61.0,75.0,1870493
603,34,Male,Bachelor,Marketing,10,Mumbai,Small,Manager,1,Yes,Yes,39,4,Yes,61.0,89.0,1394136
604,24,Male,Diploma,Finance,7,Mumbai,Small,Developer,4,No,No,47,10,Yes,45.0,98.0,1310882
605,29,Male,Diploma,Sales,12,Pune,Small,Manager,3,Yes,No,41,2,No,37.0,41.0,1299894
606,36,Male,Diploma,Finance,7,Nashik,Medium,Tester,4,Yes,No,37,10,Yes,86.0,46.0,1034472
607,54,Female,Bachelor,HR,5,Mumbai,Large,Manager,2,No,No,45,7,Yes,98.0,57.0,1045904
608,49,Male,Master,Marketing,4,Mumbai,Small,Developer,2,No,No,57,6,No,33.0,69.0,1243430
609,23,Female,Master,Finance,9,Nashik,Small,Tester,2,No,No,44,1,Yes,35.0,57.0,1322447
610,39,Male,Master,Finance,3,Pune,Small,Developer,1,Yes,No,39,6,Yes,70.0,43.0,1000151
611,23,Male,Master,Marketing,5,Nagpur,Medium,Developer,1,No,No,43,7,Yes,51.0,74.0,1145948
612,30,Male,Diploma,Finance,13,Nashik,Small,Manager,2,No,No,53,5,Yes,52.0,,1394444
613,45,Female,Diploma,Finance,14,,Large,Developer,1,Yes,Yes,44,10,No,,91.0,1444444
614,34,Female,Bachelor,Sales,13,Mumbai,Large,Analyst,1,No,Yes,37,4,No,54.0,97.0,1464592
615,22,Female,Master,Sales,15,Nagpur,Large,Developer,2,No,No,46,9,Yes,40.0,73.0,1625717
616,38,Female,Diploma,Finance,9,Mumbai,Small,Manager,3,Yes,No,37,5,No,45.0,57.0,1013905
617,33,Male,Master,Marketing,15,Nagpur,Small,Developer,1,No,No,38,7,Yes,76.0,45.0,1689864
618,47,Female,Bachelor,IT,1,Nagpur,Small,Manager,3,No,No,49,8,Yes,56.0,65.0,800009
619,37,Female,Master,HR,6,Mumbai,Medium,Developer,4,Yes,Yes,58,4,No,41.0,86.0,1282545
620,48,Male,Master,Sales,20,Pune,Small,Manager,5,No,No,56,5,No,65.0,47.0,1960787
621,57,Male,Diploma,Marketing,15,Pune,Small,Developer,2,No,No,37,4,Yes,100.0,53.0,1421124
622,33,Female,Diploma,IT,14,Mumbai,Medium,Tester,4,Yes,Yes,44,5,No,,85.0,1429401
623,56,Female,Diploma,HR,4,Nashik,Small,Analyst,4,No,No,36,6,No,58.0,66.0,884272
624,56,Male,Bachelor,Finance,15,Pune,Small,Manager,5,Yes,Yes,47,3,Yes,83.0,57.0,1596931
625,29,Female,Diploma,Marketing,1,Nashik,Medium,Analyst,3,No,Yes,41,3,Yes,91.0,52.0,633368
626,40,Female,Diploma,Marketing,18,Nashik,Large,Tester,4,Yes,Yes,43,4,Yes,86.0,77.0,1619525
627,42,Male,Bachelor,IT,17,Nagpur,Small,Developer,5,No,No,60,4,Yes,49.0,57.0,1738926
628,29,Female,Master,Marketing,11,Nashik,Medium,Manager,5,Yes,Yes,44,7,No,71.0,73.0,1815001
629,51,Male,Master,IT,3,Nagpur,Small,Tester,2,No,No,53,5,No,,58.0,1153436
630,22,Male,Diploma,HR,1,Nashik,Medium,Tester,4,Yes,No,36,8,No,39.0,98.0,1016869
631,41,Female,Bachelor,IT,16,Mumbai,Medium,Developer,5,No,No,38,7,No,60.0,71.0,1798243
632,48,Female,Diploma,Finance,14,Pune,Large,Developer,4,No,Yes,55,10,No,94.0,89.0,1610426
633,31,Male,Master,Finance,6,Nagpur,Medium,Tester,2,Yes,Yes,42,2,Yes,53.0,41.0,1095881
634,32,Female,Bachelor,IT,10,Nashik,Small,Tester,5,No,No,37,10,Yes,96.0,50.0,1395527
635,50,Male,Diploma,Marketing,16,Nagpur,Small,Tester,2,No,Yes,54,6,No,78.0,93.0,1657849
636,53,Female,Diploma,Sales,9,Mumbai,Large,Developer,2,No,No,47,8,No,69.0,99.0,1402043
637,47,Male,Master,IT,8,Pune,Small,Developer,2,Yes,Yes,43,2,No,76.0,93.0,1581830
638,52,Female,Master,Sales,1,Nagpur,Small,Analyst,1,No,No,59,2,No,39.0,51.0,918534
639,44,Female,Bachelor,IT,15,Mumbai,Large,Tester,4,Yes,No,56,2,Yes,95.0,59.0,1763963
640,32,Male,Bachelor,IT,13,Nashik,Small,Manager,5,Yes,Yes,39,4,No,44.0,41.0,1253486
641,44,Female,Master,Finance,6,Nagpur,Medium,Tester,5,No,Yes,48,2,Yes,39.0,63.0,1407804
642,56,Male,Bachelor,HR,11,Nagpur,Medium,Tester,4,Yes,No,56,4,Yes,74.0,61.0,1438371
643,52,Male,Diploma,IT,0,Mumbai,Small,Tester,4,No,Yes,47,5,Yes,49.0,84.0,770247
644,32,Female,Diploma,Sales,3,Nagpur,Large,Analyst,3,No,No,50,1,No,99.0,60.0,898707
645,37,Female,Bachelor,HR,12,Pune,Medium,Developer,5,No,Yes,43,6,No,100.0,62.0,1564183
646,47,Female,Bachelor,IT,14,Mumbai,Large,Tester,2,No,Yes,54,7,No,34.0,83.0,1523703
647,43,Male,Master,HR,7,Nashik,Medium,Developer,3,Yes,Yes,42,4,No,60.0,98.0,1518716
648,26,Male,Master,Marketing,2,Nashik,Large,Developer,1,No,Yes,59,6,No,58.0,44.0,790643
649,31,Female,Bachelor,Marketing,1,Nashik,Medium,Manager,5,No,No,41,6,Yes,30.0,84.0,930781
650,55,Female,Diploma,Marketing,10,Nashik,Small,Tester,2,Yes,Yes,54,3,No,45.0,68.0,1126456
651,26,Male,Master,Finance,0,Nagpur,Small,Analyst,5,Yes,No,42,3,No,30.0,97.0,1267111
652,25,Female,Diploma,Finance,0,Nashik,Small,Developer,4,Yes,Yes,46,4,No,64.0,42.0,558359
653,58,Male,Bachelor,Finance,12,Pune,Medium,Analyst,1,Yes,No,47,9,Yes,68.0,59.0,1367990
654,39,Male,Diploma,Sales,19,Nagpur,Medium,Analyst,5,No,Yes,42,4,Yes,72.0,86.0,1888667
655,29,Female,Master,IT,7,Nashik,Small,Developer,2,Yes,No,54,8,No,55.0,81.0,1281935
656,35,Female,Bachelor,Sales,18,Pune,Medium,Tester,3,No,No,57,10,Yes,41.0,87.0,1722636
657,26,Female,Master,IT,9,Nashik,Medium,Tester,3,No,Yes,48,4,Yes,67.0,66.0,1313991
658,55,Female,Master,Sales,5,Nashik,Medium,Manager,2,No,Yes,42,8,No,94.0,88.0,1367292
659,57,Female,Master,Sales,19,Pune,Large,Analyst,3,No,Yes,48,5,No,90.0,,2041054
660,24,Male,Master,IT,15,Mumbai,Small,Tester,5,Yes,Yes,45,1,No,83.0,96.0,2051496
661,43,Male,Bachelor,Finance,6,Nashik,Small,Developer,2,Yes,Yes,52,9,Yes,40.0,85.0,1225450
662,34,Male,Master,Marketing,18,Mumbai,Large,Developer,4,Yes,Yes,37,1,No,43.0,72.0,1753951
663,58,Male,Master,IT,2,Pune,Medium,Manager,4,No,Yes,57,9,No,74.0,55.0,957488
664,30,Female,Bachelor,Finance,9,Nashik,Small,Developer,1,No,Yes,44,9,No,70.0,46.0,1060564
665,21,Female,Bachelor,IT,6,Nashik,Medium,Analyst,5,No,Yes,46,5,No,79.0,87.0,1181887
666,46,Female,Diploma,HR,1,Nagpur,Small,Analyst,1,No,Yes,38,1,Yes,33.0,43.0,469577
667,39,Female,Bachelor,IT,6,Mumbai,Small,Developer,2,No,No,38,2,Yes,90.0,69.0,1023316
668,52,Male,Bachelor,IT,19,Mumbai,Large,Tester,3,No,Yes,48,9,No,56.0,98.0,1989576
669,51,Male,Bachelor,Marketing,17,Nagpur,Medium,Tester,4,No,Yes,38,5,Yes,58.0,67.0,1719082
670,59,Female,Diploma,Sales,16,Mumbai,Large,Manager,2,No,No,43,4,No,77.0,78.0,1531446
671,27,Male,Diploma,Finance,10,Nashik,Small,Tester,4,No,Yes,35,10,Yes,41.0,41.0,1134814
672,42,Male,Master,Sales,12,Pune,Medium,Tester,4,Yes,No,53,5,No,,45.0,1575080
673,57,Female,Diploma,HR,17,,Small,Analyst,5,Yes,Yes,46,6,No,59.0,70.0,1600702
674,53,Male,Bachelor,Marketing,6,Nashik,Medium,Tester,5,Yes,Yes,45,5,No,58.0,48.0,1292748
675,38,Female,Diploma,IT,14,Nagpur,Small,Analyst,4,No,Yes,46,6,Yes,73.0,,1354031
676,51,Male,Diploma,HR,4,Nagpur,Large,Developer,1,No,Yes,60,4,Yes,88.0,97.0,952834
677,41,Male,Master,IT,17,Pune,Large,Developer,1,No,Yes,57,7,No,51.0,43.0,1483765
678,42,Male,Master,Marketing,18,Mumbai,Small,Developer,1,No,Yes,39,7,Yes,38.0,94.0,1792181
679,35,Female,Diploma,Finance,4,Nagpur,Medium,Developer,5,Yes,No,41,3,Yes,88.0,81.0,1111632
680,35,Male,Diploma,Finance,18,Mumbai,Small,Manager,4,Yes,No,37,6,Yes,58.0,49.0,1461719
681,40,Female,Master,Marketing,11,Pune,Medium,Analyst,5,Yes,Yes,49,4,Yes,48.0,86.0,1638489
682,28,Female,Master,HR,18,Mumbai,Medium,Developer,3,Yes,Yes,57,3,Yes,74.0,,1937002
683,57,Female,Diploma,Sales,15,Nagpur,Large,Analyst,4,Yes,Yes,46,1,No,100.0,48.0,1476022
684,32,Female,Master,Sales,9,Pune,Small,Developer,1,Yes,No,59,1,Yes,79.0,82.0,1369561
685,38,Female,Master,Finance,13,Nagpur,Small,Analyst,1,Yes,Yes,47,2,Yes,65.0,87.0,1701032
686,29,Female,Master,Marketing,18,Pune,Medium,Analyst,3,No,Yes,42,4,Yes,61.0,95.0,2021981
687,44,Male,Diploma,Sales,0,Nagpur,Small,Analyst,1,Yes,Yes,50,7,No,96.0,43.0,600185
688,40,Male,Bachelor,Sales,12,Nashik,Medium,Tester,5,Yes,Yes,56,2,Yes,54.0,52.0,1478266
689,33,Male,Master,HR,14,Mumbai,Medium,Developer,2,Yes,Yes,52,9,No,74.0,57.0,1714240
690,46,Female,Master,Sales,10,Pune,Large,Manager,3,Yes,Yes,48,6,No,82.0,58.0,1491152
691,43,Male,Diploma,HR,12,Nagpur,Small,Tester,1,Yes,Yes,58,6,No,94.0,83.0,1378837
692,48,Female,Master,IT,18,Nagpur,Small,Analyst,4,No,Yes,35,3,No,84.0,57.0,1919119
693,55,Male,Bachelor,Sales,19,Pune,Large,Manager,1,No,Yes,42,6,No,66.0,100.0,1815355
694,42,Male,Diploma,Marketing,12,Mumbai,Medium,Analyst,4,Yes,No,50,3,No,83.0,62.0,1376451
695,43,Male,Bachelor,Finance,12,Pune,Medium,Analyst,4,Yes,Yes,45,7,Yes,84.0,85.0,1539457
696,59,Female,Bachelor,HR,12,Nagpur,Medium,Manager,2,Yes,No,57,2,Yes,50.0,,1369089
697,47,Female,Diploma,Sales,18,Pune,Large,Analyst,3,Yes,No,40,9,Yes,71.0,86.0,1642884
698,41,Female,Diploma,Marketing,20,Mumbai,Medium,Tester,1,No,Yes,60,8,No,60.0,84.0,1703187
699,48,Male,Bachelor,IT,15,Mumbai,Large,Tester,5,Yes,Yes,51,9,No,78.0,84.0,1721148
700,26,Male,Bachelor,IT,1,Mumbai,Medium,Manager,2,Yes,No,45,9,Yes,,64.0,822046
701,39,Female,Bachelor,HR,5,Nagpur,Small,Manager,5,No,Yes,52,1,Yes,43.0,45.0,990775
702,21,Female,Bachelor,Marketing,19,Mumbai,Medium,Tester,5,No,Yes,38,9,Yes,64.0,100.0,2005035
703,39,Female,Master,IT,12,Nashik,Small,Developer,4,No,No,59,6,No,45.0,88.0,1789747
704,39,Male,Master,Finance,18,Nashik,Small,Developer,1,Yes,Yes,35,2,No,71.0,48.0,1809833
705,41,Male,Diploma,Sales,15,Pune,Large,Analyst,2,No,No,60,6,No,63.0,83.0,1647446
706,51,Female,Master,Finance,8,,Small,Manager,3,No,No,44,10,No,68.0,87.0,1380469
707,29,Male,Master,Sales,19,Nashik,Medium,Manager,4,Yes,Yes,60,4,No,44.0,57.0,1993873
708,25,Male,Diploma,Sales,16,Pune,Medium,Developer,3,Yes,Yes,57,5,No,81.0,55.0,1456767
709,28,Male,Diploma,Sales,19,Pune,Small,Developer,2,No,No,37,9,Yes,31.0,54.0,1455809
710,33,Female,Bachelor,Sales,20,Nagpur,Large,Developer,3,No,Yes,38,8,Yes,71.0,50.0,1850455
711,43,Male,Diploma,Marketing,12,Nashik,Medium,Manager,5,No,No,41,8,No,81.0,51.0,1486462
712,25,Female,Bachelor,Marketing,6,Pune,Medium,Analyst,5,No,Yes,57,9,No,80.0,60.0,1220893
713,33,Female,Bachelor,IT,17,Pune,Medium,Manager,4,No,Yes,60,7,Yes,84.0,59.0,1762557
714,55,Female,Master,HR,9,Pune,Large,Analyst,3,Yes,Yes,52,6,Yes,87.0,94.0,1530782
715,36,Female,Diploma,Marketing,19,Pune,Medium,Manager,3,No,Yes,58,9,Yes,88.0,44.0,1598851
716,55,Male,Master,Finance,3,Nashik,Small,Manager,1,No,Yes,57,1,No,84.0,54.0,1054061
717,28,Male,Diploma,Sales,18,,Small,Tester,4,No,Yes,52,4,Yes,36.0,77.0,1610629
718,33,Female,Master,Finance,18,Nagpur,Medium,Analyst,1,No,No,41,10,Yes,,81.0,1979050
719,49,Female,Master,IT,1,Pune,Large,Developer,1,No,Yes,59,7,No,35.0,75.0,1009018
720,54,Male,Master,Sales,16,Nashik,Small,Manager,3,Yes,Yes,37,6,Yes,55.0,85.0,1873841
721,50,Male,Bachelor,IT,13,Mumbai,Large,Tester,2,Yes,No,42,3,Yes,,90.0,1680918
722,29,Female,Bachelor,Marketing,19,Mumbai,Large,Manager,3,No,Yes,47,1,No,100.0,87.0,1837370
723,27,Female,Bachelor,Finance,7,Mumbai,Medium,Manager,4,No,No,35,6,No,64.0,95.0,1340824
724,53,Male,Master,HR,6,Nagpur,Large,Tester,1,No,No,52,4,Yes,71.0,83.0,1324329
725,55,Female,Master,Sales,4,Pune,Large,Developer,3,Yes,Yes,54,1,No,77.0,80.0,1305804
726,34,Female,Bachelor,IT,19,Nagpur,Small,Developer,2,No,No,52,6,No,79.0,62.0,1806726
727,33,Female,Diploma,Marketing,14,Pune,Small,Analyst,4,No,No,43,2,No,37.0,89.0,1558563
728,50,Female,Diploma,Marketing,7,Nashik,Medium,Tester,5,Yes,Yes,54,1,Yes,61.0,71.0,1241538
729,49,Female,Diploma,Finance,12,Nagpur,Small,Manager,2,No,Yes,36,2,No,91.0,40.0,1221607
730,58,Male,Master,IT,6,Mumbai,Medium,Tester,5,Yes,No,48,8,No,54.0,68.0,1219065
731,42,Female,Master,Finance,1,Nagpur,Large,Developer,5,No,Yes,37,5,No,85.0,56.0,919583
732,37,Male,Diploma,HR,15,Nashik,Medium,Analyst,2,No,Yes,50,10,Yes,72.0,89.0,1694797
733,59,Female,Bachelor,Sales,1,Nashik,Small,Manager,5,No,Yes,59,5,Yes,68.0,,945727
734,29,Male,Master,IT,4,Pune,Large,Manager,3,No,No,39,10,No,66.0,59.0,1041220
735,49,Female,Master,IT,1,Nashik,Small,Developer,3,Yes,No,40,1,No,93.0,48.0,1087708
736,44,Female,Bachelor,Finance,17,Pune,Small,Analyst,1,Yes,Yes,38,4,Yes,30.0,46.0,1464082
737,56,Male,Master,Sales,17,Nagpur,Small,Developer,3,Yes,Yes,40,2,No,,66.0,2002446
738,38,Female,Bachelor,Finance,17,Pune,Medium,Manager,1,Yes,No,56,1,Yes,42.0,81.0,1731596
739,50,Male,Master,HR,4,Pune,Large,Analyst,5,Yes,No,60,2,Yes,71.0,82.0,1359417
740,26,Male,Diploma,IT,3,Nagpur,Large,Developer,2,Yes,Yes,56,10,No,36.0,42.0,716427
741,46,Male,Bachelor,HR,0,,Small,Developer,1,No,Yes,48,9,No,81.0,43.0,690259
742,26,Male,Diploma,Finance,14,Mumbai,Small,Developer,2,Yes,Yes,54,8,Yes,80.0,51.0,1385792
743,27,Female,Master,IT,5,Mumbai,Small,Manager,1,No,No,53,6,Yes,83.0,47.0,1079939
744,31,Male,Master,Marketing,2,Mumbai,Small,Developer,5,Yes,Yes,54,3,No,51.0,69.0,1091723
745,34,Male,Diploma,IT,8,Pune,Large,Tester,2,No,Yes,57,9,No,94.0,81.0,1090493
746,39,Male,Master,HR,14,Nashik,Medium,Tester,3,Yes,Yes,59,2,No,85.0,85.0,1722819
747,57,Female,Diploma,IT,2,Nagpur,Small,Analyst,5,No,No,35,3,No,30.0,89.0,915485
748,36,Male,Master,IT,0,Nashik,Medium,Developer,5,No,No,46,6,No,82.0,66.0,1191262
749,37,Female,Master,Sales,7,Pune,Large,Tester,4,No,No,59,7,Yes,94.0,65.0,1421738
750,35,Female,Diploma,Finance,6,Pune,Small,Tester,5,Yes,No,36,4,No,100.0,83.0,1282710
751,57,Male,Master,IT,13,Pune,Medium,Tester,3,Yes,Yes,46,6,Yes,31.0,53.0,1507507
752,26,Male,Bachelor,Finance,8,Pune,Large,Tester,1,Yes,Yes,53,2,No,83.0,59.0,1118660
753,47,Female,Master,Finance,5,Nashik,Large,Tester,1,No,No,59,5,No,,84.0,1316124
754,36,Female,Bachelor,HR,1,,Small,Developer,2,No,No,48,10,No,67.0,94.0,1071311
755,27,Male,Diploma,IT,2,Mumbai,Large,Developer,3,Yes,No,43,1,Yes,58.0,54.0,837551
756,46,Female,Diploma,Marketing,13,Nashik,Small,Manager,2,Yes,Yes,36,4,No,100.0,91.0,1512472
757,32,Male,Bachelor,Finance,20,Nagpur,Medium,Manager,1,No,Yes,58,9,Yes,92.0,99.0,2026733
758,22,Male,Bachelor,Sales,14,Nagpur,Medium,Tester,4,No,No,38,2,Yes,93.0,66.0,1777193
759,57,Male,Diploma,Marketing,6,Nashik,Large,Analyst,1,No,No,50,5,Yes,89.0,52.0,892259
760,53,Female,Bachelor,Sales,5,Mumbai,Large,Tester,5,No,No,51,8,Yes,69.0,80.0,1211396
761,37,Male,Master,Sales,4,Nashik,Medium,Tester,2,No,No,55,2,No,91.0,96.0,1287486
762,38,Male,Diploma,Marketing,15,Mumbai,Small,Manager,2,No,Yes,57,8,No,50.0,69.0,1496481
763,38,Male,Bachelor,Sales,9,Nashik,Medium,Tester,1,No,Yes,51,9,Yes,47.0,84.0,1212294
764,38,Male,Diploma,Finance,13,Mumbai,Large,Developer,5,No,Yes,54,8,No,33.0,88.0,1537042
765,48,Male,Diploma,Marketing,14,Nashik,Small,Tester,4,No,No,39,7,No,38.0,82.0,1454314
766,45,Female,Diploma,Marketing,18,Mumbai,Medium,Tester,4,No,No,60,10,Yes,55.0,65.0,1453376
767,32,Male,Bachelor,HR,13,Nashik,Medium,Manager,1,Yes,No,51,8,No,82.0,67.0,1326136
768,46,Male,Bachelor,Sales,2,Mumbai,Large,Analyst,1,No,No,37,8,Yes,84.0,82.0,1022645
769,44,Female,Bachelor,HR,19,Mumbai,Large,Developer,5,No,No,56,1,Yes,36.0,75.0,1898801
770,28,Female,Master,Sales,16,Pune,Medium,Developer,2,No,No,41,6,No,45.0,64.0,1571978
771,53,Female,Master,HR,15,Nagpur,Medium,Manager,1,No,Yes,60,9,Yes,72.0,59.0,1692371
772,24,Male,Master,Marketing,12,Nagpur,Small,Tester,3,No,No,60,2,Yes,81.0,59.0,1523744
773,34,Male,Master,Finance,13,Nagpur,Small,Analyst,1,Yes,No,58,2,No,41.0,83.0,1626888
774,56,Female,Bachelor,IT,11,Pune,Medium,Manager,5,No,Yes,42,2,No,57.0,65.0,1489437
775,22,Male,Master,Sales,9,Pune,Small,Analyst,5,Yes,Yes,54,4,Yes,52.0,48.0,1339442
776,22,Female,Bachelor,Sales,13,Nagpur,Medium,Developer,4,Yes,Yes,38,3,No,69.0,,1416482
777,38,Male,Diploma,Finance,1,Nashik,Large,Analyst,5,Yes,No,46,4,Yes,35.0,83.0,728213
778,40,Male,Diploma,Finance,20,Nashik,Small,Tester,3,No,Yes,55,5,No,35.0,90.0,1751592
779,25,Male,Master,HR,15,Mumbai,Large,Developer,3,No,No,57,5,Yes,98.0,46.0,1698600
780,37,Male,Diploma,Finance,4,Nashik,Large,Tester,3,Yes,No,60,5,Yes,99.0,48.0,778177
781,55,Male,Diploma,HR,7,Pune,Medium,Tester,1,No,No,57,7,Yes,,60.0,962834
782,54,Female,Bachelor,IT,13,Nashik,Large,Tester,4,No,Yes,43,10,No,67.0,49.0,1482153
783,59,Female,Diploma,Sales,16,Nashik,Medium,Developer,3,Yes,Yes,38,10,Yes,91.0,56.0,1494260
784,38,Female,Bachelor,Finance,12,Nashik,Large,Developer,2,Yes,No,39,3,No,33.0,73.0,1511171
785,32,Female,Diploma,Finance,1,Nashik,Small,Analyst,1,No,Yes,43,2,Yes,35.0,51.0,631948
786,56,Female,Bachelor,Sales,7,Mumbai,Medium,Developer,3,No,No,44,5,No,82.0,97.0,1267027
787,42,Female,Bachelor,IT,19,Pune,Large,Manager,4,Yes,No,55,2,No,43.0,87.0,1916813
788,46,Female,Master,Sales,6,,Small,Analyst,1,No,Yes,40,6,Yes,30.0,59.0,1209871
789,58,Male,Bachelor,Finance,11,Nashik,Large,Developer,4,Yes,Yes,58,3,Yes,91.0,61.0,1452840
790,41,Male,Master,Marketing,9,Nagpur,Medium,Tester,5,No,Yes,59,7,No,99.0,95.0,1656877
791,32,Female,Diploma,Finance,0,Pune,Small,Tester,2,No,Yes,50,10,No,85.0,98.0,807091
792,52,Male,Bachelor,IT,9,Mumbai,Large,Analyst,1,Yes,No,44,10,Yes,81.0,85.0,1471311
793,38,Male,Bachelor,IT,10,Nagpur,Large,Tester,2,No,Yes,49,1,Yes,86.0,62.0,1431203
794,38,Male,Bachelor,Marketing,4,Mumbai,Small,Tester,4,No,No,48,8,Yes,64.0,73.0,1090993
795,31,Male,Diploma,HR,7,Nashik,Medium,Tester,4,No,Yes,36,10,No,82.0,100.0,1260393
796,45,Male,Diploma,Finance,3,Pune,Medium,Analyst,5,No,Yes,38,10,Yes,69.0,72.0,915370
797,36,Female,Bachelor,HR,18,Nagpur,Small,Manager,5,No,Yes,35,8,Yes,48.0,57.0,1698135
798,38,Male,Bachelor,Finance,1,Nagpur,Large,Analyst,1,No,No,59,5,No,37.0,92.0,837554
799,32,Male,Diploma,Marketing,12,Mumbai,Small,Manager,5,Yes,No,36,2,No,32.0,58.0,1295404
800,57,Male,Master,IT,12,Nashik,Large,Tester,4,No,No,41,10,No,31.0,76.0,1712080
801,31,Male,Diploma,Marketing,11,Pune,Medium,Analyst,4,No,No,44,4,No,61.0,55.0,1242305
802,35,Male,Diploma,Finance,12,Nagpur,Small,Manager,5,Yes,No,44,8,Yes,79.0,80.0,1340281
803,56,Female,Diploma,Finance,6,Nashik,Medium,Manager,4,No,No,55,6,No,61.0,79.0,1150284
804,57,Male,Bachelor,Finance,0,Nagpur,Small,Tester,3,Yes,Yes,57,5,Yes,55.0,43.0,627331
805,45,Male,Diploma,HR,15,Mumbai,Medium,Manager,5,Yes,No,46,10,No,69.0,84.0,1621375
806,32,Female,Diploma,IT,4,Nagpur,Medium,Tester,1,No,No,39,6,Yes,38.0,87.0,919978
807,34,Male,Master,IT,19,Nashik,Small,Analyst,4,No,Yes,45,10,Yes,85.0,93.0,2100953
808,27,Female,Master,Marketing,5,Pune,Large,Developer,5,Yes,No,58,9,Yes,62.0,43.0,1108904
809,25,Female,Diploma,IT,7,Nashik,Small,Manager,3,Yes,No,53,6,No,72.0,76.0,1153949
810,51,Male,Master,Finance,18,Pune,Small,Developer,4,No,No,52,8,No,33.0,49.0,1880396
811,38,Female,Master,Marketing,3,Mumbai,Medium,Developer,4,No,No,45,3,Yes,65.0,64.0,1289260
812,35,Male,Diploma,Finance,1,,Small,Developer,4,No,Yes,44,4,No,70.0,80.0,951271
813,47,Male,Bachelor,HR,4,Nagpur,Small,Developer,2,Yes,Yes,58,3,No,30.0,73.0,960616
814,58,Female,Bachelor,HR,13,Mumbai,Medium,Tester,2,No,No,57,6,Yes,78.0,,1467815
815,44,Male,Bachelor,Finance,3,Pune,Medium,Tester,3,No,No,42,7,No,97.0,88.0,1118055
816,54,Female,Master,IT,14,Nagpur,Medium,Analyst,3,No,No,57,8,Yes,72.0,70.0,1728183
817,24,Female,Diploma,Sales,16,Pune,Large,Analyst,2,No,Yes,50,4,No,86.0,99.0,1665504
818,32,Female,Bachelor,IT,2,Nagpur,Medium,Analyst,1,Yes,No,57,5,Yes,78.0,61.0,915932
819,40,Female,Master,Finance,3,Mumbai,Large,Developer,4,Yes,Yes,49,7,No,60.0,70.0,1146189
820,57,Male,Bachelor,Sales,15,,Medium,Manager,5,Yes,Yes,47,3,Yes,46.0,76.0,1637176
821,30,Female,Master,HR,12,Pune,Medium,Developer,4,Yes,No,44,9,No,81.0,57.0,1710830
822,30,Female,Bachelor,Sales,12,Nashik,Medium,Analyst,5,Yes,Yes,40,3,Yes,39.0,78.0,1485127
823,51,Female,Master,IT,20,Nagpur,Large,Developer,1,Yes,No,54,8,Yes,59.0,47.0,1818199
824,53,Male,Diploma,Sales,5,Nagpur,Large,Tester,3,No,No,47,8,No,79.0,82.0,1065258
825,27,Female,Master,Finance,0,Mumbai,Small,Analyst,3,Yes,Yes,60,5,Yes,78.0,68.0,1100702
826,58,Male,Diploma,IT,15,Pune,Medium,Analyst,4,Yes,No,56,9,Yes,49.0,95.0,1575193
827,39,Female,Diploma,Sales,4,Pune,Medium,Tester,5,Yes,Yes,35,1,Yes,47.0,95.0,1076465
828,55,Female,Diploma,Sales,12,Nagpur,Small,Tester,2,Yes,Yes,43,8,No,,42.0,1142911
829,43,Female,Master,IT,2,Nashik,Small,Developer,5,No,No,40,3,No,84.0,64.0,1175443
830,39,Female,Master,IT,20,Nagpur,Medium,Tester,1,No,Yes,53,8,Yes,95.0,52.0,2017765
831,56,Male,Master,Sales,6,Nashik,Large,Developer,2,No,No,53,1,No,71.0,,1390974
832,37,Female,Diploma,Marketing,4,Nashik,Medium,Tester,2,Yes,Yes,41,4,No,100.0,78.0,937508
833,44,Male,Master,Sales,7,Nashik,Medium,Analyst,4,Yes,No,43,4,No,54.0,84.0,1436555
834,39,Female,Diploma,Sales,18,Nagpur,Large,Manager,5,No,Yes,46,2,Yes,47.0,63.0,1716781
835,29,Male,Bachelor,Sales,16,Pune,Small,Analyst,3,Yes,No,49,8,Yes,52.0,69.0,1518957
836,21,Female,Bachelor,Finance,2,Pune,Small,Developer,3,Yes,No,55,1,No,49.0,61.0,813143
837,59,Male,Bachelor,HR,12,Mumbai,Small,Manager,2,No,Yes,56,2,Yes,76.0,40.0,1310231
838,59,Male,Diploma,Sales,15,Nashik,Medium,Manager,3,Yes,No,51,2,Yes,47.0,85.0,1473568
839,29,Male,Master,IT,11,Nagpur,Medium,Developer,2,Yes,Yes,43,8,Yes,100.0,47.0,1419692
840,34,Male,Master,HR,18,Mumbai,Small,Manager,2,Yes,No,38,7,No,34.0,74.0,1833368
841,43,Female,Master,IT,19,Pune,Large,Manager,4,No,Yes,50,4,Yes,95.0,64.0,2174568
842,27,Female,Diploma,Sales,5,Mumbai,Small,Tester,4,No,No,59,10,Yes,30.0,94.0,1062688
843,50,Female,Diploma,Finance,4,Nagpur,Medium,Analyst,2,Yes,No,46,10,Yes,71.0,83.0,842825
844,26,Female,Diploma,Sales,16,Nagpur,Medium,Manager,1,Yes,No,52,6,Yes,63.0,43.0,1176605
845,23,Male,Diploma,IT,12,Nashik,Medium,Tester,3,Yes,No,37,6,Yes,63.0,97.0,1411375
846,37,Male,Bachelor,HR,9,Mumbai,Large,Manager,3,No,No,41,8,No,77.0,,1511907
847,52,Female,Master,Finance,1,Mumbai,Medium,Analyst,2,No,No,44,9,Yes,46.0,43.0,973735
848,58,Female,Master,Finance,12,Nagpur,Small,Manager,5,Yes,Yes,38,8,No,53.0,58.0,1547557
849,45,Male,Bachelor,Marketing,2,Nashik,Small,Developer,4,No,No,42,4,Yes,69.0,,820512
850,26,Male,Diploma,Marketing,13,Nashik,Small,Manager,5,No,Yes,51,4,Yes,56.0,53.0,1454791
851,48,Female,Bachelor,Marketing,7,Nashik,Small,Developer,3,Yes,No,45,10,No,31.0,88.0,1236910
852,32,Male,Master,Sales,14,Nashik,Small,Analyst,3,No,No,58,5,No,89.0,82.0,1792918
853,33,Male,Master,Sales,19,Pune,Small,Manager,5,Yes,No,58,10,No,70.0,78.0,2079870
854,23,Male,Diploma,Sales,0,Nagpur,Small,Developer,5,Yes,No,58,5,Yes,64.0,96.0,806192
855,23,Male,Bachelor,Sales,10,Mumbai,Medium,Tester,5,No,No,42,7,No,85.0,46.0,1503314
856,52,Female,Master,Sales,12,Nagpur,Large,Tester,1,Yes,Yes,54,9,Yes,92.0,41.0,1513000
857,47,Female,Bachelor,HR,1,Mumbai,Large,Analyst,1,No,No,48,6,Yes,41.0,89.0,929837
858,53,Male,Master,Marketing,5,Nashik,Small,Tester,4,Yes,Yes,56,2,No,66.0,41.0,1240269
859,35,Female,Master,IT,14,Pune,Small,Manager,2,No,No,44,2,No,67.0,44.0,1434786
860,22,Female,Bachelor,IT,0,Pune,Small,Tester,3,Yes,No,47,9,No,,55.0,794893
861,47,Male,Diploma,Sales,15,Mumbai,Small,Manager,5,Yes,Yes,60,10,No,82.0,98.0,1695431
862,58,Female,Bachelor,Marketing,6,Nagpur,Medium,Tester,5,No,Yes,39,7,Yes,88.0,81.0,1259415
863,49,Female,Master,Sales,1,Nagpur,Small,Manager,2,Yes,No,56,10,No,77.0,92.0,1169447
864,49,Female,Diploma,Finance,18,Mumbai,Large,Tester,4,No,Yes,54,1,Yes,32.0,78.0,1587381
865,58,Male,Master,Marketing,5,Nashik,Large,Developer,3,Yes,Yes,48,2,Yes,56.0,,1324963
866,55,Male,Master,Sales,3,Mumbai,Small,Analyst,2,Yes,No,37,7,Yes,94.0,50.0,989617
867,30,Female,Diploma,IT,0,Nashik,Medium,Developer,3,No,Yes,39,9,No,96.0,64.0,726848
868,51,Male,Bachelor,Sales,1,Mumbai,Large,Manager,4,No,No,44,2,Yes,90.0,73.0,987622
869,23,Male,Diploma,Marketing,11,Pune,Medium,Analyst,5,Yes,No,44,5,Yes,78.0,75.0,1418180
870,28,Female,Diploma,Sales,13,Pune,Small,Manager,5,Yes,Yes,39,1,Yes,55.0,65.0,1372495
871,22,Female,Bachelor,IT,15,Nashik,Small,Tester,3,No,No,56,6,No,81.0,76.0,1665130
872,28,Male,Diploma,HR,5,Pune,Large,Analyst,1,No,No,42,1,Yes,40.0,85.0,959664
873,49,Male,Bachelor,Finance,20,Nagpur,Large,Tester,5,Yes,No,50,9,Yes,92.0,46.0,2069136
874,49,Male,Bachelor,IT,14,Nashik,Large,Developer,2,Yes,Yes,56,4,No,39.0,69.0,1520641
875,36,Female,Master,Sales,19,Mumbai,Large,Analyst,5,Yes,No,40,6,Yes,100.0,84.0,2227973
876,48,Female,Diploma,Marketing,13,Nagpur,Small,Developer,1,No,No,42,7,Yes,58.0,92.0,1408726
877,22,Male,Diploma,Sales,4,Nashik,Large,Manager,2,No,No,59,9,Yes,65.0,81.0,1010238
878,45,Female,Master,IT,20,Pune,Large,Developer,1,No,Yes,56,3,No,71.0,66.0,1862688
879,42,Male,Master,HR,5,Nashik,Medium,Analyst,2,No,No,39,4,No,99.0,100.0,1493893
880,21,Female,Master,Finance,6,Pune,Large,Manager,4,No,Yes,51,1,No,94.0,,1407295
881,42,Female,Master,IT,20,Pune,Large,Developer,5,No,Yes,46,10,Yes,32.0,91.0,2044387
882,44,Male,Master,Sales,12,Nagpur,Medium,Developer,2,Yes,Yes,38,8,No,64.0,40.0,1510271
883,54,Male,Master,Finance,15,Nagpur,Large,Manager,1,No,Yes,45,1,Yes,83.0,,1860250
884,25,Female,Diploma,Finance,14,Pune,Medium,Developer,3,Yes,Yes,37,10,No,97.0,65.0,1518984
885,59,Female,Master,HR,10,Mumbai,Large,Manager,2,Yes,Yes,37,7,No,70.0,57.0,1512480
886,35,Male,Bachelor,Finance,16,Nagpur,Large,Analyst,1,Yes,Yes,36,9,No,77.0,,1449044
887,48,Female,Diploma,Marketing,6,Nagpur,Small,Analyst,4,Yes,Yes,47,1,Yes,49.0,71.0,1080121
888,45,Male,Master,HR,2,Nashik,Large,Analyst,4,No,Yes,50,10,Yes,84.0,87.0,1238437
889,57,Female,Master,Marketing,18,Nagpur,Small,Tester,5,Yes,No,55,4,No,,40.0,1907867
890,38,Female,Bachelor,IT,3,Nagpur,Medium,Manager,4,Yes,Yes,52,9,Yes,81.0,43.0,891673
891,51,Female,Bachelor,Marketing,17,Nagpur,Medium,Developer,2,No,Yes,53,9,No,50.0,61.0,1608138
892,34,Male,Diploma,HR,13,Nagpur,Small,Analyst,5,Yes,Yes,35,3,No,31.0,88.0,1349414
893,57,Male,Bachelor,IT,6,Mumbai,Medium,Tester,3,Yes,No,52,4,No,31.0,97.0,1241834
894,37,Male,Diploma,Sales,11,Pune,Medium,Developer,4,No,Yes,60,10,Yes,34.0,68.0,1218731
895,53,Female,Master,IT,9,Nagpur,Large,Developer,1,Yes,Yes,38,4,Yes,,82.0,1534616
896,34,Female,Bachelor,IT,17,Pune,Small,Tester,1,Yes,No,59,6,No,58.0,48.0,1605745
897,59,Male,Diploma,IT,9,Mumbai,Medium,Tester,5,No,Yes,50,3,No,33.0,68.0,1091051
898,58,Male,Diploma,Sales,18,Nagpur,Medium,Tester,2,Yes,No,47,10,Yes,93.0,89.0,1734313
899,53,Female,Bachelor,Marketing,17,Pune,Small,Developer,4,Yes,Yes,54,5,Yes,87.0,97.0,1876269
900,25,Male,Master,Marketing,7,Nashik,Medium,Tester,2,No,No,47,9,Yes,34.0,83.0,1283017
901,23,Male,Diploma,IT,9,Mumbai,Small,Manager,1,No,No,60,9,No,96.0,71.0,1135219
902,23,Male,Master,HR,8,Nagpur,Medium,Manager,2,No,No,48,4,Yes,91.0,65.0,1366598
903,51,Male,Master,IT,18,Pune,Large,Developer,4,No,No,46,2,Yes,64.0,52.0,1828688
904,30,Male,Diploma,IT,17,Nashik,Small,Tester,5,No,No,58,9,No,87.0,52.0,1655029
905,44,Female,Master,Sales,1,Nashik,Small,Developer,3,No,Yes,55,6,No,42.0,76.0,1064837
906,32,Male,Diploma,HR,10,Pune,Medium,Analyst,2,Yes,No,51,4,No,78.0,99.0,1295956
907,50,Female,Master,HR,1,Nagpur,Small,Developer,2,No,Yes,42,2,Yes,47.0,50.0,871838
908,45,Male,Bachelor,Marketing,14,,Small,Manager,3,No,Yes,53,5,No,49.0,48.0,1401915
909,39,Male,Diploma,HR,10,Pune,Medium,Analyst,3,Yes,No,52,10,Yes,56.0,54.0,1144469
910,39,Male,Bachelor,HR,6,Pune,Small,Analyst,1,No,Yes,39,3,Yes,62.0,99.0,1194228
911,25,Male,Master,Sales,0,Mumbai,Medium,Analyst,2,No,No,51,10,Yes,41.0,86.0,951583
912,53,Female,Bachelor,HR,4,Nagpur,Large,Developer,5,Yes,Yes,45,7,Yes,57.0,,921065
913,53,Male,Diploma,Marketing,0,Nagpur,Large,Manager,2,No,No,60,1,Yes,59.0,82.0,747213
914,58,Male,Diploma,Marketing,16,Nashik,Small,Manager,2,Yes,Yes,44,8,No,35.0,77.0,1512701
915,26,Female,Diploma,HR,17,Mumbai,Medium,Developer,1,Yes,No,48,6,No,46.0,66.0,1333662
916,42,Female,Bachelor,HR,5,Nashik,Large,Manager,4,No,No,53,7,No,43.0,65.0,1076149
917,29,Female,Bachelor,Marketing,15,Mumbai,Small,Analyst,2,Yes,No,49,4,Yes,42.0,46.0,1351384
918,54,Male,Bachelor,Finance,1,Nagpur,Medium,Analyst,5,No,No,37,6,Yes,80.0,64.0,962300
919,39,Male,Diploma,Finance,2,Nagpur,Large,Manager,3,Yes,Yes,37,2,No,99.0,81.0,1018786
920,23,Female,Master,Sales,6,,Medium,Tester,4,No,No,45,9,No,34.0,48.0,1098504
921,22,Female,Bachelor,Sales,3,Mumbai,Small,Tester,1,Yes,No,39,8,Yes,92.0,44.0,823928
922,49,Male,Bachelor,Finance,2,Mumbai,Medium,Analyst,4,Yes,Yes,37,6,Yes,40.0,61.0,908685
923,52,Male,Bachelor,Marketing,14,Pune,Medium,Analyst,2,No,No,53,2,No,72.0,99.0,1600000
924,49,Female,Master,HR,1,Pune,Large,Manager,3,Yes,No,37,10,No,55.0,77.0,1058881
925,29,Female,Bachelor,Sales,13,Mumbai,Medium,Analyst,1,No,Yes,40,7,Yes,82.0,64.0,1339318
926,47,Male,Master,Sales,20,Pune,Large,Tester,1,No,No,44,6,Yes,50.0,96.0,2115755
927,23,Male,Bachelor,Sales,11,Nagpur,Small,Tester,4,No,Yes,46,7,No,74.0,75.0,1577795
928,41,Male,Diploma,Finance,11,,Medium,Manager,5,No,Yes,45,5,No,38.0,41.0,1259183
929,50,Female,Bachelor,Marketing,2,Nashik,Medium,Developer,1,Yes,Yes,48,5,Yes,95.0,66.0,1127569
930,31,Female,Bachelor,Sales,18,Pune,Medium,Developer,4,No,Yes,57,9,No,60.0,67.0,1872740
931,41,Female,Diploma,Marketing,1,Nagpur,Large,Manager,1,Yes,Yes,60,5,Yes,56.0,,745894
932,58,Male,Master,IT,19,Nagpur,Small,Analyst,5,Yes,Yes,54,2,No,49.0,84.0,2100901
933,21,Male,Bachelor,HR,1,Nashik,Large,Developer,2,No,Yes,53,5,No,99.0,96.0,1121112
934,45,Male,Master,HR,12,Nashik,Medium,Tester,4,Yes,Yes,59,3,Yes,77.0,58.0,1574022
935,40,Female,Master,Sales,2,Mumbai,Medium,Analyst,5,Yes,Yes,39,8,No,51.0,51.0,1103661
936,40,Female,Bachelor,HR,7,Nashik,Large,Analyst,1,No,No,50,2,Yes,79.0,93.0,1198431
937,29,Male,Diploma,Sales,19,Mumbai,Medium,Analyst,5,No,No,42,2,No,68.0,51.0,1645785
938,56,Male,Bachelor,IT,17,Nashik,Large,Tester,4,No,No,51,5,No,44.0,52.0,1650420
939,24,Male,Master,Sales,15,,Small,Tester,2,No,No,60,5,Yes,53.0,80.0,1721966
940,43,Male,Master,Sales,15,Mumbai,Small,Analyst,2,No,No,55,1,Yes,58.0,74.0,1841739
941,34,Male,Master,Sales,0,Nagpur,Large,Developer,5,No,Yes,54,3,Yes,46.0,64.0,847866
942,53,Female,Master,Sales,20,Nagpur,Small,Manager,5,Yes,Yes,41,8,No,,78.0,2057446
943,47,Male,Diploma,Sales,17,Nagpur,Medium,Tester,1,Yes,No,40,3,Yes,61.0,48.0,1633917
944,24,Female,Diploma,IT,4,Pune,Medium,Tester,4,No,No,44,10,Yes,54.0,73.0,918551
945,36,Male,Diploma,Sales,20,Pune,Medium,Manager,3,Yes,Yes,41,3,Yes,45.0,50.0,1595490
946,41,Male,Master,HR,15,Nashik,Small,Tester,4,Yes,Yes,52,4,Yes,64.0,79.0,1730879
947,22,Female,Master,HR,15,Nagpur,Medium,Analyst,1,Yes,Yes,43,5,Yes,35.0,56.0,1733104
948,59,Male,Bachelor,Marketing,5,Mumbai,Medium,Manager,4,No,Yes,35,7,Yes,99.0,42.0,1065895
949,51,Female,Diploma,HR,0,Pune,Medium,Analyst,5,Yes,Yes,58,10,Yes,76.0,76.0,842587
950,44,Male,Bachelor,IT,16,Nashik,Small,Developer,4,Yes,Yes,47,6,Yes,87.0,53.0,1642679
951,28,Male,Master,IT,19,Nagpur,Large,Developer,2,No,No,54,6,Yes,66.0,57.0,1967527
952,48,Male,Master,Marketing,9,Nagpur,Medium,Developer,3,Yes,Yes,37,1,Yes,59.0,61.0,1525070
953,57,Female,Bachelor,HR,15,Mumbai,Medium,Manager,4,Yes,No,39,2,Yes,48.0,78.0,1616520
954,40,Male,Bachelor,IT,10,Nashik,Large,Manager,4,Yes,Yes,49,4,Yes,31.0,65.0,1265798
955,31,Female,Bachelor,Marketing,3,Nagpur,Small,Analyst,2,No,Yes,58,2,No,67.0,61.0,1047809
956,34,Female,Master,HR,7,Nashik,Small,Manager,3,No,Yes,56,10,No,47.0,68.0,1374978
957,59,Female,Diploma,Sales,2,Pune,Large,Developer,3,Yes,Yes,48,8,Yes,40.0,48.0,786525
958,30,Male,Bachelor,Sales,10,Pune,Large,Developer,1,Yes,Yes,45,3,No,50.0,78.0,1504492
959,48,Female,Bachelor,HR,15,Pune,Medium,Analyst,5,Yes,Yes,48,8,No,89.0,61.0,1721417
960,57,Female,Master,HR,8,,Medium,Developer,3,No,No,55,10,Yes,64.0,96.0,1545975
961,35,Female,Diploma,Finance,17,Pune,Small,Developer,3,Yes,Yes,57,1,No,72.0,72.0,1438399
962,50,Female,Master,HR,6,Nagpur,Large,Developer,4,Yes,No,51,6,Yes,,69.0,1373347
963,55,Male,Diploma,HR,18,Pune,Small,Developer,3,Yes,Yes,54,10,Yes,53.0,63.0,1575783
964,28,Male,Master,Sales,17,Nagpur,Medium,Analyst,2,Yes,Yes,44,6,No,53.0,53.0,1829228
965,28,Male,Diploma,Finance,12,Nashik,Large,Tester,4,Yes,No,41,10,No,34.0,92.0,1365079
966,59,Female,Diploma,Sales,4,Nagpur,Small,Tester,4,No,No,48,5,No,68.0,73.0,923266
967,23,Female,Diploma,IT,17,Nagpur,Medium,Developer,4,No,Yes,46,10,Yes,54.0,77.0,1675169
968,23,Female,Bachelor,Sales,19,Nashik,Medium,Manager,4,No,No,57,7,Yes,,58.0,1774637
969,38,Male,Bachelor,Sales,6,Pune,Small,Analyst,2,Yes,Yes,43,10,No,,85.0,1241219
970,39,Female,Bachelor,Sales,19,Nagpur,Large,Manager,4,No,No,41,7,No,54.0,53.0,1827796
971,48,Male,Master,Sales,14,Mumbai,Small,Tester,3,Yes,Yes,55,1,No,92.0,55.0,1663491
972,42,Female,Bachelor,Marketing,15,Nagpur,Large,Manager,3,Yes,No,37,5,No,59.0,,1516195
973,49,Male,Master,HR,8,Nagpur,Small,Manager,3,Yes,Yes,36,9,No,77.0,57.0,1414633
974,28,Female,Master,HR,14,Nashik,Small,Analyst,5,Yes,Yes,39,6,Yes,84.0,41.0,1690056
975,53,Female,Master,Sales,0,Mumbai,Large,Analyst,4,No,Yes,42,5,No,48.0,86.0,1027617
976,54,Female,Bachelor,Marketing,16,Nagpur,Large,Manager,1,No,Yes,43,8,Yes,71.0,47.0,1525685
977,44,Female,Master,HR,2,Nashik,Large,Analyst,5,No,No,36,6,Yes,83.0,89.0,1228044
978,58,Female,Diploma,IT,10,Mumbai,Small,Tester,3,No,No,42,6,No,64.0,87.0,1265143
979,37,Male,Diploma,Finance,4,Pune,Large,Analyst,4,Yes,No,35,4,Yes,69.0,66.0,1036010
980,49,Male,Master,Sales,15,,Small,Analyst,1,Yes,Yes,47,5,Yes,62.0,68.0,1561366
981,21,Female,Bachelor,Sales,20,Mumbai,Large,Analyst,2,Yes,No,54,9,Yes,35.0,44.0,1703907
982,31,Male,Bachelor,Finance,14,Mumbai,Medium,Developer,2,Yes,No,46,10,No,96.0,85.0,1835368
983,46,Male,Master,IT,16,Mumbai,Medium,Developer,1,Yes,Yes,48,7,Yes,40.0,88.0,1675390
984,32,Male,Master,Sales,7,Nashik,Medium,Tester,4,No,No,58,3,No,59.0,40.0,1211567
985,49,Female,Bachelor,Finance,12,Pune,Medium,Tester,3,No,Yes,45,8,No,97.0,91.0,1615401
986,59,Male,Bachelor,IT,0,Nagpur,Large,Tester,5,Yes,Yes,46,7,Yes,93.0,97.0,1091546
987,37,Female,Master,HR,6,Nashik,Medium,Tester,2,No,Yes,36,2,Yes,84.0,81.0,1398169
988,32,Female,Master,IT,14,Nashik,Small,Manager,1,No,Yes,39,9,No,49.0,70.0,1601632
989,48,Male,Bachelor,Finance,7,Nagpur,Medium,Developer,3,No,No,45,9,Yes,54.0,71.0,1223598
990,59,Male,Master,Marketing,18,Mumbai,Small,Tester,3,Yes,No,39,7,No,91.0,74.0,2044619
991,32,Female,Diploma,IT,17,Nagpur,Large,Analyst,1,Yes,Yes,50,8,Yes,81.0,61.0,1561744
992,49,Male,Master,IT,9,,Large,Developer,1,Yes,No,52,4,No,93.0,100.0,1655186
993,56,Male,Bachelor,Finance,15,Nagpur,Large,Developer,3,Yes,No,60,7,Yes,37.0,56.0,1529856
994,32,Female,Master,HR,16,Mumbai,Large,Manager,1,No,No,59,7,No,68.0,54.0,1539146
995,25,Male,Diploma,Finance,17,Mumbai,Medium,Developer,2,Yes,Yes,52,8,No,72.0,54.0,1452551
996,32,Male,Master,IT,19,Nashik,Small,Manager,3,No,Yes,55,6,No,39.0,61.0,1822803
997,42,Male,Diploma,Sales,19,Nagpur,Medium,Manager,1,Yes,Yes,42,4,Yes,87.0,44.0,1543257
998,54,Male,Bachelor,Marketing,18,Nagpur,Medium,Analyst,5,No,Yes,45,6,No,79.0,53.0,1694959
999,43,Female,Master,HR,7,Nashik,Small,Developer,3,No,No,48,8,Yes,83.0,72.0,1358812
1000,23,Female,Bachelor,HR,6,Nagpur,Medium,Tester,1,Yes,No,40,4,Yes,90.0,93.0,1247079
